Workbook
Name E_BIT: TABLES!$A$32:$G$39
Name INV_IP: TABLES!$A$100:$I$107
Name IP: TABLES!$A$22:$I$29
Name MESSAGE: 'AVALANCHE EFFECT'!$GT$2:$GW$19
Name P: TABLES!$H$90:$L$97
Name PC_1: TABLES!$A$2:$H$9
Name PC_2: TABLES!$A$12:$G$19
Name RL: 'IO SHEET'!$U$27:$X$43
Name S1_BOX: TABLES!$A$42:$Q$45
Name S2_BOX: TABLES!$A$48:$Q$51
Name S3_BOX: TABLES!$A$54:$Q$57
Name S4_BOX: TABLES!$A$60:$Q$63
Name S5_BOX: TABLES!$A$66:$Q$69
Name S6_BOX: TABLES!$A$72:$Q$75
Name S7_BOX: TABLES!$A$78:$Q$81
Name S8_BOX: TABLES!$A$84:$Q$87

Sheet IO SHEET
B1: 1 | C1: 2 | D1: 3 | E1: 4 | F1: 5 | G1: 6 | H1: 7 | I1: 8 | J1: 9 | K1: 10 | L1: 11 | M1: 12 | N1: 13 | O1: 14 | P1: 15 | Q1: 16
A3: MESSAGE (X) | B3: 1 | C3: 2 | D3: 3 | E3: 4 | F3: 5 | G3: 6 | H3: A | I3: B | J3: C | K3: D | L3: 1 | M3: 3 | N3: 2 | O3: 5 | P3: 3 | Q3: 6 | S3: ITERATION | V3: 16 | W3: <<INPUT NUMBER OF ITERATIONS FOR Ri
A4: Xbin | B4: =HEX2BIN(B3,4) -> 0001 | C4: =HEX2BIN(C3,4) -> 0010 | D4: =HEX2BIN(D3,4) -> 0011 | E4: =HEX2BIN(E3,4) -> 0100 | F4: =HEX2BIN(F3,4) -> 0101 | G4: =HEX2BIN(G3,4) -> 0110 | H4: =HEX2BIN(H3,4) -> 1010 | I4: =HEX2BIN(I3,4) -> 1011 | ... Q4: =HEX2BIN(Q3,4) -> 0110 | S4: =U47 -> R16||L16 | V4: =X47 -> 0001100110111010100100100001001011001111001001101011010001110010
A5: Xstr | B5: =CONCATENATE(B4,C4,D4,E4,F4,G4,H4,I4,J4,K4,L4,M4,N4,O4,P4,Q4) -> 0001001000110100010101101010101111001101000100110010010100110110
A6: L | B6: =LEFT(B5,32) -> 00010010001101000101011010101011 | S6: CYPHERTEXT MESSAGE (Y)
A7: R | B7: =RIGHT(B5,32) -> 11001101000100110010010100110110 | W7: Y(HEX) | Y7: = | Z7: =AB61 -> C0B7A8D05F3A829C
W8: Y(BIN) | Y8: = | Z8: =AB62 -> 1100000010110111101010001101000001011111001110101000001010011100
A9: KEY (K) | B9: A | C9: A | D9: B | E9: B | F9: 0 | G9: 9 | H9: 1 | I9: 8 | J9: 2 | K9: 7 | L9: 3 | M9: 6 | N9: C | O9: C | P9: D | Q9: D
A10: Kbin | B10: =HEX2BIN(B9,4) -> 1010 | C10: =HEX2BIN(C9,4) -> 1010 | D10: =HEX2BIN(D9,4) -> 1011 | E10: =HEX2BIN(E9,4) -> 1011 | F10: =HEX2BIN(F9,4) -> 0000 | G10: =HEX2BIN(G9,4) -> 1001 | H10: =HEX2BIN(H9,4) -> 0001 | I10: =HEX2BIN(I9,4) -> 1000 | ... Q10: =HEX2BIN(Q9,4) -> 1101
A11: kstr | B11: =CONCATENATE(B10,C10,D10,E10,F10,G10,H10,I10,J10,K10,L10,M10,N10,O10,P10,Q10) -> 1010101010111011000010010001100000100111001101101100110011011101
C13: 1 | D13: 2 | E13: 3 | F13: 4 | G13: 5 | H13: 6 | I13: 7 | J13: 8 | T13: 3 | U13: 5 | V13: 7 | W13: 0 | X13: E | Y13: 2 | Z13: F | AA13: 1 | AB13: B | AC13: A | AD13: 4 | AE13: 6 | AF13: 8 | AG13: 2 | AH13: C | AI13: 7
A14: MIP | B14: 1 | C14: =MID($B$5,VLOOKUP($B14,IP,C$13+1,FALSE),1) -> 0 | D14: =MID($B$5,VLOOKUP($B14,IP,D$13+1,FALSE),1) -> 0 | E14: =MID($B$5,VLOOKUP($B14,IP,E$13+1,FALSE),1) -> 0 | F14: =MID($B$5,VLOOKUP($B14,IP,F$13+1,FALSE),1) -> 1 | G14: =MID($B$5,VLOOKUP($B14,IP,G$13+1,FALSE),1) -> 0 | H14: =MID($B$5,VLOOKUP($B14,IP,H$13+1,FALSE),1) -> 1 | I14: =MID($B$5,VLOOKUP($B14,IP,I$13+1,FALSE),1) -> 0 | J14: =MID($B$5,VLOOKUP($B14,IP,J$13+1,FALSE),1) -> 0 | K14: =CONCATENATE(C14,D14,E14,F14,G14,H14,I14,J14) -> 00010100
B15: 2 | C15: =MID($B$5,VLOOKUP($B15,IP,C$13+1,FALSE),1) -> 1 | D15: =MID($B$5,VLOOKUP($B15,IP,D$13+1,FALSE),1) -> 0 | E15: =MID($B$5,VLOOKUP($B15,IP,E$13+1,FALSE),1) -> 1 | F15: =MID($B$5,VLOOKUP($B15,IP,F$13+1,FALSE),1) -> 0 | G15: =MID($B$5,VLOOKUP($B15,IP,G$13+1,FALSE),1) -> 0 | H15: =MID($B$5,VLOOKUP($B15,IP,H$13+1,FALSE),1) -> 1 | I15: =MID($B$5,VLOOKUP($B15,IP,I$13+1,FALSE),1) -> 1 | J15: =MID($B$5,VLOOKUP($B15,IP,J$13+1,FALSE),1) -> 1 | K15: =CONCATENATE(C15,D15,E15,F15,G15,H15,I15,J15) -> 10100111
B16: 3 | C16: =MID($B$5,VLOOKUP($B16,IP,C$13+1,FALSE),1) -> 1 | D16: =MID($B$5,VLOOKUP($B16,IP,D$13+1,FALSE),1) -> 1 | E16: =MID($B$5,VLOOKUP($B16,IP,E$13+1,FALSE),1) -> 0 | F16: =MID($B$5,VLOOKUP($B16,IP,F$13+1,FALSE),1) -> 1 | G16: =MID($B$5,VLOOKUP($B16,IP,G$13+1,FALSE),1) -> 0 | H16: =MID($B$5,VLOOKUP($B16,IP,H$13+1,FALSE),1) -> 1 | I16: =MID($B$5,VLOOKUP($B16,IP,I$13+1,FALSE),1) -> 1 | J16: =MID($B$5,VLOOKUP($B16,IP,J$13+1,FALSE),1) -> 0 | K16: =CONCATENATE(C16,D16,E16,F16,G16,H16,I16,J16) -> 11010110
B17: 4 | C17: =MID($B$5,VLOOKUP($B17,IP,C$13+1,FALSE),1) -> 0 | D17: =MID($B$5,VLOOKUP($B17,IP,D$13+1,FALSE),1) -> 1 | E17: =MID($B$5,VLOOKUP($B17,IP,E$13+1,FALSE),1) -> 1 | F17: =MID($B$5,VLOOKUP($B17,IP,F$13+1,FALSE),1) -> 1 | G17: =MID($B$5,VLOOKUP($B17,IP,G$13+1,FALSE),1) -> 1 | H17: =MID($B$5,VLOOKUP($B17,IP,H$13+1,FALSE),1) -> 0 | I17: =MID($B$5,VLOOKUP($B17,IP,I$13+1,FALSE),1) -> 0 | J17: =MID($B$5,VLOOKUP($B17,IP,J$13+1,FALSE),1) -> 0 | K17: =CONCATENATE(C17,D17,E17,F17,G17,H17,I17,J17) -> 01111000
B18: 5 | C18: =MID($B$5,VLOOKUP($B18,IP,C$13+1,FALSE),1) -> 0 | D18: =MID($B$5,VLOOKUP($B18,IP,D$13+1,FALSE),1) -> 0 | E18: =MID($B$5,VLOOKUP($B18,IP,E$13+1,FALSE),1) -> 0 | F18: =MID($B$5,VLOOKUP($B18,IP,F$13+1,FALSE),1) -> 1 | G18: =MID($B$5,VLOOKUP($B18,IP,G$13+1,FALSE),1) -> 1 | H18: =MID($B$5,VLOOKUP($B18,IP,H$13+1,FALSE),1) -> 0 | I18: =MID($B$5,VLOOKUP($B18,IP,I$13+1,FALSE),1) -> 0 | J18: =MID($B$5,VLOOKUP($B18,IP,J$13+1,FALSE),1) -> 0 | K18: =CONCATENATE(C18,D18,E18,F18,G18,H18,I18,J18) -> 00011000
B19: 6 | C19: =MID($B$5,VLOOKUP($B19,IP,C$13+1,FALSE),1) -> 1 | D19: =MID($B$5,VLOOKUP($B19,IP,D$13+1,FALSE),1) -> 1 | E19: =MID($B$5,VLOOKUP($B19,IP,E$13+1,FALSE),1) -> 0 | F19: =MID($B$5,VLOOKUP($B19,IP,F$13+1,FALSE),1) -> 0 | G19: =MID($B$5,VLOOKUP($B19,IP,G$13+1,FALSE),1) -> 1 | H19: =MID($B$5,VLOOKUP($B19,IP,H$13+1,FALSE),1) -> 0 | I19: =MID($B$5,VLOOKUP($B19,IP,I$13+1,FALSE),1) -> 1 | J19: =MID($B$5,VLOOKUP($B19,IP,J$13+1,FALSE),1) -> 0 | K19: =CONCATENATE(C19,D19,E19,F19,G19,H19,I19,J19) -> 11001010
B20: 7 | C20: =MID($B$5,VLOOKUP($B20,IP,C$13+1,FALSE),1) -> 0 | D20: =MID($B$5,VLOOKUP($B20,IP,D$13+1,FALSE),1) -> 0 | E20: =MID($B$5,VLOOKUP($B20,IP,E$13+1,FALSE),1) -> 0 | F20: =MID($B$5,VLOOKUP($B20,IP,F$13+1,FALSE),1) -> 1 | G20: =MID($B$5,VLOOKUP($B20,IP,G$13+1,FALSE),1) -> 1 | H20: =MID($B$5,VLOOKUP($B20,IP,H$13+1,FALSE),1) -> 0 | I20: =MID($B$5,VLOOKUP($B20,IP,I$13+1,FALSE),1) -> 0 | J20: =MID($B$5,VLOOKUP($B20,IP,J$13+1,FALSE),1) -> 0 | K20: =CONCATENATE(C20,D20,E20,F20,G20,H20,I20,J20) -> 00011000
B21: 8 | C21: =MID($B$5,VLOOKUP($B21,IP,C$13+1,FALSE),1) -> 1 | D21: =MID($B$5,VLOOKUP($B21,IP,D$13+1,FALSE),1) -> 0 | E21: =MID($B$5,VLOOKUP($B21,IP,E$13+1,FALSE),1) -> 1 | F21: =MID($B$5,VLOOKUP($B21,IP,F$13+1,FALSE),1) -> 0 | G21: =MID($B$5,VLOOKUP($B21,IP,G$13+1,FALSE),1) -> 1 | H21: =MID($B$5,VLOOKUP($B21,IP,H$13+1,FALSE),1) -> 1 | I21: =MID($B$5,VLOOKUP($B21,IP,I$13+1,FALSE),1) -> 0 | J21: =MID($B$5,VLOOKUP($B21,IP,J$13+1,FALSE),1) -> 1 | K21: =CONCATENATE(C21,D21,E21,F21,G21,H21,I21,J21) -> 10101101
K22: 1 | L22: =K22+4 -> 5 | M22: =L22+4 -> 9 | N22: =M22+4 -> 13 | O22: =N22+4 -> 17 | P22: =O22+4 -> 21 | Q22: =P22+4 -> 25 | R22: =Q22+4 -> 29
A23: L0 | B23: =CONCATENATE(K14,K15,K16,K17) -> 00010100101001111101011001111000 | K23: =MID($B23,K$22,4) -> 0001 | L23: =MID($B23,L$22,4) -> 0100 | M23: =MID($B23,M$22,4) -> 1010 | N23: =MID($B23,N$22,4) -> 0111 | O23: =MID($B23,O$22,4) -> 1101 | P23: =MID($B23,P$22,4) -> 0110 | Q23: =MID($B23,Q$22,4) -> 0111 | R23: =MID($B23,R$22,4) -> 1000 | S23: =BIN2HEX(K23) -> 1 | T23: =BIN2HEX(L23) -> 4 | U23: =BIN2HEX(M23) -> A | V23: =BIN2HEX(N23) -> 7 | W23: =BIN2HEX(O23) -> D | X23: =BIN2HEX(P23) -> 6 | Y23: =BIN2HEX(Q23) -> 7 | Z23: =BIN2HEX(R23) -> 8
A24: R0 | B24: =CONCATENATE(K18,K19,K20,K21) -> 00011000110010100001100010101101 | K24: =MID($B24,K$22,4) -> 0001 | L24: =MID($B24,L$22,4) -> 1000 | M24: =MID($B24,M$22,4) -> 1100 | N24: =MID($B24,N$22,4) -> 1010 | O24: =MID($B24,O$22,4) -> 0001 | P24: =MID($B24,P$22,4) -> 1000 | Q24: =MID($B24,Q$22,4) -> 1010 | R24: =MID($B24,R$22,4) -> 1101 | S24: =BIN2HEX(K24) -> 1 | T24: =BIN2HEX(L24) -> 8 | U24: =BIN2HEX(M24) -> C | V24: =BIN2HEX(N24) -> A | W24: =BIN2HEX(O24) -> 1 | X24: =BIN2HEX(P24) -> 8 | Y24: =BIN2HEX(Q24) -> A | Z24: =BIN2HEX(R24) -> D
B27: L0 | C27: =B23 -> 00010100101001111101011001111000 | K27: R0 | L27: =B24 -> 00011000110010100001100010101101 | U27: 0 | V27: =CONCATENATE(K27,"||",B27) -> R0||L0 | X27: =CONCATENATE(L27,C27) -> 0001100011001010000110001010110100010100101001111101011001111000
B28: L1 | C28: =L27 -> 00011000110010100001100010101101 | K28: R1 | L28: ='R1'!$B$49 -> 01011010011110001110001110010100 | U28: 1 | V28: =CONCATENATE(K28,"||",B28) -> R1||L1 | X28: =CONCATENATE(L28,C28) -> 0101101001111000111000111001010000011000110010100001100010101101
B29: L2 | C29: =L28 -> 01011010011110001110001110010100 | K29: R2 | L29: ='R2'!$B$49 -> 01001010000100100001000011110110 | U29: 2 | V29: =CONCATENATE(K29,"||",B29) -> R2||L2 | X29: =CONCATENATE(L29,C29) -> 0100101000010010000100001111011001011010011110001110001110010100
B30: L3 | C30: =L29 -> 01001010000100100001000011110110 | K30: R3 | L30: ='R3'!$B$49 -> 10111000000010001001010110010001 | U30: 3 | V30: =CONCATENATE(K30,"||",B30) -> R3||L3 | X30: =CONCATENATE(L30,C30) -> 1011100000001000100101011001000101001010000100100001000011110110
B31: L4 | C31: =L30 -> 10111000000010001001010110010001 | K31: R4 | L31: ='R4'!$B$49 -> 00100011011001110111100111000010 | U31: 4 | V31: =CONCATENATE(K31,"||",B31) -> R4||L4 | X31: =CONCATENATE(L31,C31) -> 0010001101100111011110011100001010111000000010001001010110010001
B32: L5 | C32: =L31 -> 00100011011001110111100111000010 | K32: R5 | L32: ='R5'!$B$49 -> 10100001010110100100101110000111 | U32: 5 | V32: =CONCATENATE(K32,"||",B32) -> R5||L5 | X32: =CONCATENATE(L32,C32) -> 1010000101011010010010111000011100100011011001110111100111000010
B33: L6 | C33: =L32 -> 10100001010110100100101110000111 | K33: R6 | L33: ='R6'!$B$49 -> 00101110100011111001110001100101 | U33: 6 | V33: =CONCATENATE(K33,"||",B33) -> R6||L6 | X33: =CONCATENATE(L33,C33) -> 0010111010001111100111000110010110100001010110100100101110000111
B34: L7 | C34: =L33 -> 00101110100011111001110001100101 | K34: R7 | L34: ='R7'!$B$49 -> 10101001111111000010000010100011 | U34: 7 | V34: =CONCATENATE(K34,"||",B34) -> R7||L7 | X34: =CONCATENATE(L34,C34) -> 1010100111111100001000001010001100101110100011111001110001100101
B35: L8 | C35: =L34 -> 10101001111111000010000010100011 | K35: R8 | L35: ='R8'!$B$49 -> 00110000100010111110111010010111 | U35: 8 | V35: =CONCATENATE(K35,"||",B35) -> R8||L8 | X35: =CONCATENATE(L35,C35) -> 0011000010001011111011101001011110101001111111000010000010100011
B36: L9 | C36: =L35 -> 00110000100010111110111010010111 | K36: R9 | L36: ='R9'!$B$49 -> 00010000101011111001110100110111 | U36: 9 | V36: =CONCATENATE(K36,"||",B36) -> R9||L9 | X36: =CONCATENATE(L36,C36) -> 0001000010101111100111010011011100110000100010111110111010010111
B37: L10 | C37: =L36 -> 00010000101011111001110100110111 | K37: R10 | L37: ='R10'!$B$49 -> 01101100101001101100101100100000 | U37: 10 | V37: =CONCATENATE(K37,"||",B37) -> R10||L10 | X37: =CONCATENATE(L37,C37) -> 0110110010100110110010110010000000010000101011111001110100110111
B38: L11 | C38: =L37 -> 01101100101001101100101100100000 | K38: R11 | L38: ='R11'!$B$49 -> 11111111001111000100100001011111 | U38: 11 | V38: =CONCATENATE(K38,"||",B38) -> R11||L11 | X38: =CONCATENATE(L38,C38) -> 1111111100111100010010000101111101101100101001101100101100100000
B39: L12 | C39: =L38 -> 11111111001111000100100001011111 | K39: R12 | L39: ='R12'!$B$49 -> 00100010101001011001011000111011 | U39: 12 | V39: =CONCATENATE(K39,"||",B39) -> R12||L12 | X39: =CONCATENATE(L39,C39) -> 0010001010100101100101100011101111111111001111000100100001011111
B40: L13 | C40: =L39 -> 00100010101001011001011000111011 | K40: R13 | L40: ='R13'!$B$49 -> 00111000011111001100110110101010 | U40: 13 | V40: =CONCATENATE(K40,"||",B40) -> R13||L13 | X40: =CONCATENATE(L40,C40) -> 0011100001111100110011011010101000100010101001011001011000111011
B41: L14 | C41: =L40 -> 00111000011111001100110110101010 | K41: R14 | L41: ='R14'!$B$49 -> 10111101001011011101001010101011 | U41: 14 | V41: =CONCATENATE(K41,"||",B41) -> R14||L14 | X41: =CONCATENATE(L41,C41) -> 1011110100101101110100101010101100111000011111001100110110101010
B42: L15 | C42: =L41 -> 10111101001011011101001010101011 | K42: R15 | L42: ='R15'!$B$49 -> 11001111001001101011010001110010 | U42: 15 | V42: =CONCATENATE(K42,"||",B42) -> R15||L15 | X42: =CONCATENATE(L42,C42) -> 1100111100100110101101000111001010111101001011011101001010101011
B43: L16 | C43: =L42 -> 11001111001001101011010001110010 | K43: R16 | L43: ='R16'!$B$49 -> 00011001101110101001001000010010 | U43: 16 | V43: =CONCATENATE(K43,"||",B43) -> R16||L16 | X43: =CONCATENATE(L43,C43) -> 0001100110111010100100100001001011001111001001101011010001110010
C45: 1 | D45: =C45+4 -> 5 | E45: =D45+4 -> 9 | F45: =E45+4 -> 13 | G45: =F45+4 -> 17 | H45: =G45+4 -> 21 | I45: =H45+4 -> 25 | J45: =I45+4 -> 29 | L45: 1 | M45: =L45+4 -> 5 | N45: =M45+4 -> 9 | O45: =N45+4 -> 13 | P45: =O45+4 -> 17 | Q45: =P45+4 -> 21 | R45: =Q45+4 -> 25 | S45: =R45+4 -> 29
B46: L0 | C46: =MID($C27,C$45,4) -> 0001 | D46: =MID($C27,D$45,4) -> 0100 | E46: =MID($C27,E$45,4) -> 1010 | F46: =MID($C27,F$45,4) -> 0111 | G46: =MID($C27,G$45,4) -> 1101 | H46: =MID($C27,H$45,4) -> 0110 | I46: =MID($C27,I$45,4) -> 0111 | J46: =MID($C27,J$45,4) -> 1000 | K46: R0 | L46: =MID($L27,L$45,4) -> 0001 | M46: =MID($L27,M$45,4) -> 1000 | N46: =MID($L27,N$45,4) -> 1100 | O46: =MID($L27,O$45,4) -> 1010 | P46: =MID($L27,P$45,4) -> 0001 | Q46: =MID($L27,Q$45,4) -> 1000 | R46: =MID($L27,R$45,4) -> 1010 | S46: =MID($L27,S$45,4) -> 1101 | U46: ITERATION | X46: =V3 -> 16
B47: L1 | C47: =MID($C28,C$45,4) -> 0001 | D47: =MID($C28,D$45,4) -> 1000 | E47: =MID($C28,E$45,4) -> 1100 | F47: =MID($C28,F$45,4) -> 1010 | G47: =MID($C28,G$45,4) -> 0001 | H47: =MID($C28,H$45,4) -> 1000 | I47: =MID($C28,I$45,4) -> 1010 | J47: =MID($C28,J$45,4) -> 1101 | K47: R1 | L47: =MID($L28,L$45,4) -> 0101 | M47: =MID($L28,M$45,4) -> 1010 | N47: =MID($L28,N$45,4) -> 0111 | O47: =MID($L28,O$45,4) -> 1000 | P47: =MID($L28,P$45,4) -> 1110 | Q47: =MID($L28,Q$45,4) -> 0011 | R47: =MID($L28,R$45,4) -> 1001 | S47: =MID($L28,S$45,4) -> 0100 | U47: =VLOOKUP(X46,RL,2,FALSE) -> R16||L16 | X47: =VLOOKUP(X46,RL,4,FALSE) -> 0001100110111010100100100001001011001111001001101011010001110010
B48: L2 | C48: =MID($C29,C$45,4) -> 0101 | D48: =MID($C29,D$45,4) -> 1010 | E48: =MID($C29,E$45,4) -> 0111 | F48: =MID($C29,F$45,4) -> 1000 | G48: =MID($C29,G$45,4) -> 1110 | H48: =MID($C29,H$45,4) -> 0011 | I48: =MID($C29,I$45,4) -> 1001 | J48: =MID($C29,J$45,4) -> 0100 | K48: R2 | L48: =MID($L29,L$45,4) -> 0100 | M48: =MID($L29,M$45,4) -> 1010 | N48: =MID($L29,N$45,4) -> 0001 | O48: =MID($L29,O$45,4) -> 0010 | P48: =MID($L29,P$45,4) -> 0001 | Q48: =MID($L29,Q$45,4) -> 0000 | R48: =MID($L29,R$45,4) -> 1111 | S48: =MID($L29,S$45,4) -> 0110
B49: L3 | C49: =MID($C30,C$45,4) -> 0100 | D49: =MID($C30,D$45,4) -> 1010 | E49: =MID($C30,E$45,4) -> 0001 | F49: =MID($C30,F$45,4) -> 0010 | G49: =MID($C30,G$45,4) -> 0001 | H49: =MID($C30,H$45,4) -> 0000 | I49: =MID($C30,I$45,4) -> 1111 | J49: =MID($C30,J$45,4) -> 0110 | K49: R3 | L49: =MID($L30,L$45,4) -> 1011 | M49: =MID($L30,M$45,4) -> 1000 | N49: =MID($L30,N$45,4) -> 0000 | O49: =MID($L30,O$45,4) -> 1000 | P49: =MID($L30,P$45,4) -> 1001 | Q49: =MID($L30,Q$45,4) -> 0101 | R49: =MID($L30,R$45,4) -> 1001 | S49: =MID($L30,S$45,4) -> 0001 | U49: FINAL PERMUTATION (FP)
B50: L4 | C50: =MID($C31,C$45,4) -> 1011 | D50: =MID($C31,D$45,4) -> 1000 | E50: =MID($C31,E$45,4) -> 0000 | F50: =MID($C31,F$45,4) -> 1000 | G50: =MID($C31,G$45,4) -> 1001 | H50: =MID($C31,H$45,4) -> 0101 | I50: =MID($C31,I$45,4) -> 1001 | J50: =MID($C31,J$45,4) -> 0001 | K50: R4 | L50: =MID($L31,L$45,4) -> 0010 | M50: =MID($L31,M$45,4) -> 0011 | N50: =MID($L31,N$45,4) -> 0110 | O50: =MID($L31,O$45,4) -> 0111 | P50: =MID($L31,P$45,4) -> 0111 | Q50: =MID($L31,Q$45,4) -> 1001 | R50: =MID($L31,R$45,4) -> 1100 | S50: =MID($L31,S$45,4) -> 0010 | U50: FP | V50: 1 | W50: 2 | X50: 3 | Y50: 4 | Z50: 5 | AA50: 6 | AB50: 7 | AC50: 8
B51: L5 | C51: =MID($C32,C$45,4) -> 0010 | D51: =MID($C32,D$45,4) -> 0011 | E51: =MID($C32,E$45,4) -> 0110 | F51: =MID($C32,F$45,4) -> 0111 | G51: =MID($C32,G$45,4) -> 0111 | H51: =MID($C32,H$45,4) -> 1001 | I51: =MID($C32,I$45,4) -> 1100 | J51: =MID($C32,J$45,4) -> 0010 | K51: R5 | L51: =MID($L32,L$45,4) -> 1010 | M51: =MID($L32,M$45,4) -> 0001 | N51: =MID($L32,N$45,4) -> 0101 | O51: =MID($L32,O$45,4) -> 1010 | P51: =MID($L32,P$45,4) -> 0100 | Q51: =MID($L32,Q$45,4) -> 1011 | R51: =MID($L32,R$45,4) -> 1000 | S51: =MID($L32,S$45,4) -> 0111 | U51: 1 | V51: =MID($X$47,VLOOKUP($U51,INV_IP,V$50+1,FALSE),1) -> 1 | W51: =MID($X$47,VLOOKUP($U51,INV_IP,W$50+1,FALSE),1) -> 1 | X51: =MID($X$47,VLOOKUP($U51,INV_IP,X$50+1,FALSE),1) -> 0 | Y51: =MID($X$47,VLOOKUP($U51,INV_IP,Y$50+1,FALSE),1) -> 0 | Z51: =MID($X$47,VLOOKUP($U51,INV_IP,Z$50+1,FALSE),1) -> 0 | AA51: =MID($X$47,VLOOKUP($U51,INV_IP,AA$50+1,FALSE),1) -> 0 | AB51: =MID($X$47,VLOOKUP($U51,INV_IP,AB$50+1,FALSE),1) -> 0 | AC51: =MID($X$47,VLOOKUP($U51,INV_IP,AC$50+1,FALSE),1) -> 0 | AD51: =CONCATENATE(V51,W51,X51,Y51) -> 1100 | AE51: =CONCATENATE(Z51,AA51,AB51,AC51) -> 0000 | AF51: =BIN2HEX(AD51) -> C | AG51: =BIN2HEX(AE51) -> 0 | AH51: =CONCATENATE(AF51,AG51) -> C0
B52: L6 | C52: =MID($C33,C$45,4) -> 1010 | D52: =MID($C33,D$45,4) -> 0001 | E52: =MID($C33,E$45,4) -> 0101 | F52: =MID($C33,F$45,4) -> 1010 | G52: =MID($C33,G$45,4) -> 0100 | H52: =MID($C33,H$45,4) -> 1011 | I52: =MID($C33,I$45,4) -> 1000 | J52: =MID($C33,J$45,4) -> 0111 | K52: R6 | L52: =MID($L33,L$45,4) -> 0010 | M52: =MID($L33,M$45,4) -> 1110 | N52: =MID($L33,N$45,4) -> 1000 | O52: =MID($L33,O$45,4) -> 1111 | P52: =MID($L33,P$45,4) -> 1001 | Q52: =MID($L33,Q$45,4) -> 1100 | R52: =MID($L33,R$45,4) -> 0110 | S52: =MID($L33,S$45,4) -> 0101 | U52: 2 | V52: =MID($X$47,VLOOKUP($U52,INV_IP,V$50+1,FALSE),1) -> 1 | W52: =MID($X$47,VLOOKUP($U52,INV_IP,W$50+1,FALSE),1) -> 0 | X52: =MID($X$47,VLOOKUP($U52,INV_IP,X$50+1,FALSE),1) -> 1 | Y52: =MID($X$47,VLOOKUP($U52,INV_IP,Y$50+1,FALSE),1) -> 1 | Z52: =MID($X$47,VLOOKUP($U52,INV_IP,Z$50+1,FALSE),1) -> 0 | AA52: =MID($X$47,VLOOKUP($U52,INV_IP,AA$50+1,FALSE),1) -> 1 | AB52: =MID($X$47,VLOOKUP($U52,INV_IP,AB$50+1,FALSE),1) -> 1 | AC52: =MID($X$47,VLOOKUP($U52,INV_IP,AC$50+1,FALSE),1) -> 1 | AD52: =CONCATENATE(V52,W52,X52,Y52) -> 1011 | AE52: =CONCATENATE(Z52,AA52,AB52,AC52) -> 0111 | AF52: =BIN2HEX(AD52) -> B | AG52: =BIN2HEX(AE52) -> 7 | AH52: =CONCATENATE(AF52,AG52) -> B7
B53: L7 | C53: =MID($C34,C$45,4) -> 0010 | D53: =MID($C34,D$45,4) -> 1110 | E53: =MID($C34,E$45,4) -> 1000 | F53: =MID($C34,F$45,4) -> 1111 | G53: =MID($C34,G$45,4) -> 1001 | H53: =MID($C34,H$45,4) -> 1100 | I53: =MID($C34,I$45,4) -> 0110 | J53: =MID($C34,J$45,4) -> 0101 | K53: R7 | L53: =MID($L34,L$45,4) -> 1010 | M53: =MID($L34,M$45,4) -> 1001 | N53: =MID($L34,N$45,4) -> 1111 | O53: =MID($L34,O$45,4) -> 1100 | P53: =MID($L34,P$45,4) -> 0010 | Q53: =MID($L34,Q$45,4) -> 0000 | R53: =MID($L34,R$45,4) -> 1010 | S53: =MID($L34,S$45,4) -> 0011 | U53: 3 | V53: =MID($X$47,VLOOKUP($U53,INV_IP,V$50+1,FALSE),1) -> 1 | W53: =MID($X$47,VLOOKUP($U53,INV_IP,W$50+1,FALSE),1) -> 0 | X53: =MID($X$47,VLOOKUP($U53,INV_IP,X$50+1,FALSE),1) -> 1 | Y53: =MID($X$47,VLOOKUP($U53,INV_IP,Y$50+1,FALSE),1) -> 0 | Z53: =MID($X$47,VLOOKUP($U53,INV_IP,Z$50+1,FALSE),1) -> 1 | AA53: =MID($X$47,VLOOKUP($U53,INV_IP,AA$50+1,FALSE),1) -> 0 | AB53: =MID($X$47,VLOOKUP($U53,INV_IP,AB$50+1,FALSE),1) -> 0 | AC53: =MID($X$47,VLOOKUP($U53,INV_IP,AC$50+1,FALSE),1) -> 0 | AD53: =CONCATENATE(V53,W53,X53,Y53) -> 1010 | AE53: =CONCATENATE(Z53,AA53,AB53,AC53) -> 1000 | AF53: =BIN2HEX(AD53) -> A | AG53: =BIN2HEX(AE53) -> 8 | AH53: =CONCATENATE(AF53,AG53) -> A8
B54: L8 | C54: =MID($C35,C$45,4) -> 1010 | D54: =MID($C35,D$45,4) -> 1001 | E54: =MID($C35,E$45,4) -> 1111 | F54: =MID($C35,F$45,4) -> 1100 | G54: =MID($C35,G$45,4) -> 0010 | H54: =MID($C35,H$45,4) -> 0000 | I54: =MID($C35,I$45,4) -> 1010 | J54: =MID($C35,J$45,4) -> 0011 | K54: R8 | L54: =MID($L35,L$45,4) -> 0011 | M54: =MID($L35,M$45,4) -> 0000 | N54: =MID($L35,N$45,4) -> 1000 | O54: =MID($L35,O$45,4) -> 1011 | P54: =MID($L35,P$45,4) -> 1110 | Q54: =MID($L35,Q$45,4) -> 1110 | R54: =MID($L35,R$45,4) -> 1001 | S54: =MID($L35,S$45,4) -> 0111 | U54: 4 | V54: =MID($X$47,VLOOKUP($U54,INV_IP,V$50+1,FALSE),1) -> 1 | W54: =MID($X$47,VLOOKUP($U54,INV_IP,W$50+1,FALSE),1) -> 1 | X54: =MID($X$47,VLOOKUP($U54,INV_IP,X$50+1,FALSE),1) -> 0 | Y54: =MID($X$47,VLOOKUP($U54,INV_IP,Y$50+1,FALSE),1) -> 1 | Z54: =MID($X$47,VLOOKUP($U54,INV_IP,Z$50+1,FALSE),1) -> 0 | AA54: =MID($X$47,VLOOKUP($U54,INV_IP,AA$50+1,FALSE),1) -> 0 | AB54: =MID($X$47,VLOOKUP($U54,INV_IP,AB$50+1,FALSE),1) -> 0 | AC54: =MID($X$47,VLOOKUP($U54,INV_IP,AC$50+1,FALSE),1) -> 0 | AD54: =CONCATENATE(V54,W54,X54,Y54) -> 1101 | AE54: =CONCATENATE(Z54,AA54,AB54,AC54) -> 0000 | AF54: =BIN2HEX(AD54) -> D | AG54: =BIN2HEX(AE54) -> 0 | AH54: =CONCATENATE(AF54,AG54) -> D0
B55: L9 | C55: =MID($C36,C$45,4) -> 0011 | D55: =MID($C36,D$45,4) -> 0000 | E55: =MID($C36,E$45,4) -> 1000 | F55: =MID($C36,F$45,4) -> 1011 | G55: =MID($C36,G$45,4) -> 1110 | H55: =MID($C36,H$45,4) -> 1110 | I55: =MID($C36,I$45,4) -> 1001 | J55: =MID($C36,J$45,4) -> 0111 | K55: R9 | L55: =MID($L36,L$45,4) -> 0001 | M55: =MID($L36,M$45,4) -> 0000 | N55: =MID($L36,N$45,4) -> 1010 | O55: =MID($L36,O$45,4) -> 1111 | P55: =MID($L36,P$45,4) -> 1001 | Q55: =MID($L36,Q$45,4) -> 1101 | R55: =MID($L36,R$45,4) -> 0011 | S55: =MID($L36,S$45,4) -> 0111 | U55: 5 | V55: =MID($X$47,VLOOKUP($U55,INV_IP,V$50+1,FALSE),1) -> 0 | W55: =MID($X$47,VLOOKUP($U55,INV_IP,W$50+1,FALSE),1) -> 1 | X55: =MID($X$47,VLOOKUP($U55,INV_IP,X$50+1,FALSE),1) -> 0 | Y55: =MID($X$47,VLOOKUP($U55,INV_IP,Y$50+1,FALSE),1) -> 1 | Z55: =MID($X$47,VLOOKUP($U55,INV_IP,Z$50+1,FALSE),1) -> 1 | AA55: =MID($X$47,VLOOKUP($U55,INV_IP,AA$50+1,FALSE),1) -> 1 | AB55: =MID($X$47,VLOOKUP($U55,INV_IP,AB$50+1,FALSE),1) -> 1 | AC55: =MID($X$47,VLOOKUP($U55,INV_IP,AC$50+1,FALSE),1) -> 1 | AD55: =CONCATENATE(V55,W55,X55,Y55) -> 0101 | AE55: =CONCATENATE(Z55,AA55,AB55,AC55) -> 1111 | AF55: =BIN2HEX(AD55) -> 5 | AG55: =BIN2HEX(AE55) -> F | AH55: =CONCATENATE(AF55,AG55) -> 5F
B56: L10 | C56: =MID($C37,C$45,4) -> 0001 | D56: =MID($C37,D$45,4) -> 0000 | E56: =MID($C37,E$45,4) -> 1010 | F56: =MID($C37,F$45,4) -> 1111 | G56: =MID($C37,G$45,4) -> 1001 | H56: =MID($C37,H$45,4) -> 1101 | I56: =MID($C37,I$45,4) -> 0011 | J56: =MID($C37,J$45,4) -> 0111 | K56: R10 | L56: =MID($L37,L$45,4) -> 0110 | M56: =MID($L37,M$45,4) -> 1100 | N56: =MID($L37,N$45,4) -> 1010 | O56: =MID($L37,O$45,4) -> 0110 | P56: =MID($L37,P$45,4) -> 1100 | Q56: =MID($L37,Q$45,4) -> 1011 | R56: =MID($L37,R$45,4) -> 0010 | S56: =MID($L37,S$45,4) -> 0000 | U56: 6 | V56: =MID($X$47,VLOOKUP($U56,INV_IP,V$50+1,FALSE),1) -> 0 | W56: =MID($X$47,VLOOKUP($U56,INV_IP,W$50+1,FALSE),1) -> 0 | X56: =MID($X$47,VLOOKUP($U56,INV_IP,X$50+1,FALSE),1) -> 1 | Y56: =MID($X$47,VLOOKUP($U56,INV_IP,Y$50+1,FALSE),1) -> 1 | Z56: =MID($X$47,VLOOKUP($U56,INV_IP,Z$50+1,FALSE),1) -> 1 | AA56: =MID($X$47,VLOOKUP($U56,INV_IP,AA$50+1,FALSE),1) -> 0 | AB56: =MID($X$47,VLOOKUP($U56,INV_IP,AB$50+1,FALSE),1) -> 1 | AC56: =MID($X$47,VLOOKUP($U56,INV_IP,AC$50+1,FALSE),1) -> 0 | AD56: =CONCATENATE(V56,W56,X56,Y56) -> 0011 | AE56: =CONCATENATE(Z56,AA56,AB56,AC56) -> 1010 | AF56: =BIN2HEX(AD56) -> 3 | AG56: =BIN2HEX(AE56) -> A | AH56: =CONCATENATE(AF56,AG56) -> 3A
B57: L11 | C57: =MID($C38,C$45,4) -> 0110 | D57: =MID($C38,D$45,4) -> 1100 | E57: =MID($C38,E$45,4) -> 1010 | F57: =MID($C38,F$45,4) -> 0110 | G57: =MID($C38,G$45,4) -> 1100 | H57: =MID($C38,H$45,4) -> 1011 | I57: =MID($C38,I$45,4) -> 0010 | J57: =MID($C38,J$45,4) -> 0000 | K57: R11 | L57: =MID($L38,L$45,4) -> 1111 | M57: =MID($L38,M$45,4) -> 1111 | N57: =MID($L38,N$45,4) -> 0011 | O57: =MID($L38,O$45,4) -> 1100 | P57: =MID($L38,P$45,4) -> 0100 | Q57: =MID($L38,Q$45,4) -> 1000 | R57: =MID($L38,R$45,4) -> 0101 | S57: =MID($L38,S$45,4) -> 1111 | U57: 7 | V57: =MID($X$47,VLOOKUP($U57,INV_IP,V$50+1,FALSE),1) -> 1 | W57: =MID($X$47,VLOOKUP($U57,INV_IP,W$50+1,FALSE),1) -> 0 | X57: =MID($X$47,VLOOKUP($U57,INV_IP,X$50+1,FALSE),1) -> 0 | Y57: =MID($X$47,VLOOKUP($U57,INV_IP,Y$50+1,FALSE),1) -> 0 | Z57: =MID($X$47,VLOOKUP($U57,INV_IP,Z$50+1,FALSE),1) -> 0 | AA57: =MID($X$47,VLOOKUP($U57,INV_IP,AA$50+1,FALSE),1) -> 0 | AB57: =MID($X$47,VLOOKUP($U57,INV_IP,AB$50+1,FALSE),1) -> 1 | AC57: =MID($X$47,VLOOKUP($U57,INV_IP,AC$50+1,FALSE),1) -> 0 | AD57: =CONCATENATE(V57,W57,X57,Y57) -> 1000 | AE57: =CONCATENATE(Z57,AA57,AB57,AC57) -> 0010 | AF57: =BIN2HEX(AD57) -> 8 | AG57: =BIN2HEX(AE57) -> 2 | AH57: =CONCATENATE(AF57,AG57) -> 82
B58: L12 | C58: =MID($C39,C$45,4) -> 1111 | D58: =MID($C39,D$45,4) -> 1111 | E58: =MID($C39,E$45,4) -> 0011 | F58: =MID($C39,F$45,4) -> 1100 | G58: =MID($C39,G$45,4) -> 0100 | H58: =MID($C39,H$45,4) -> 1000 | I58: =MID($C39,I$45,4) -> 0101 | J58: =MID($C39,J$45,4) -> 1111 | K58: R12 | L58: =MID($L39,L$45,4) -> 0010 | M58: =MID($L39,M$45,4) -> 0010 | N58: =MID($L39,N$45,4) -> 1010 | O58: =MID($L39,O$45,4) -> 0101 | P58: =MID($L39,P$45,4) -> 1001 | Q58: =MID($L39,Q$45,4) -> 0110 | R58: =MID($L39,R$45,4) -> 0011 | S58: =MID($L39,S$45,4) -> 1011 | U58: 8 | V58: =MID($X$47,VLOOKUP($U58,INV_IP,V$50+1,FALSE),1) -> 1 | W58: =MID($X$47,VLOOKUP($U58,INV_IP,W$50+1,FALSE),1) -> 0 | X58: =MID($X$47,VLOOKUP($U58,INV_IP,X$50+1,FALSE),1) -> 0 | Y58: =MID($X$47,VLOOKUP($U58,INV_IP,Y$50+1,FALSE),1) -> 1 | Z58: =MID($X$47,VLOOKUP($U58,INV_IP,Z$50+1,FALSE),1) -> 1 | AA58: =MID($X$47,VLOOKUP($U58,INV_IP,AA$50+1,FALSE),1) -> 1 | AB58: =MID($X$47,VLOOKUP($U58,INV_IP,AB$50+1,FALSE),1) -> 0 | AC58: =MID($X$47,VLOOKUP($U58,INV_IP,AC$50+1,FALSE),1) -> 0 | AD58: =CONCATENATE(V58,W58,X58,Y58) -> 1001 | AE58: =CONCATENATE(Z58,AA58,AB58,AC58) -> 1100 | AF58: =BIN2HEX(AD58) -> 9 | AG58: =BIN2HEX(AE58) -> C | AH58: =CONCATENATE(AF58,AG58) -> 9C
B59: L13 | C59: =MID($C40,C$45,4) -> 0010 | D59: =MID($C40,D$45,4) -> 0010 | E59: =MID($C40,E$45,4) -> 1010 | F59: =MID($C40,F$45,4) -> 0101 | G59: =MID($C40,G$45,4) -> 1001 | H59: =MID($C40,H$45,4) -> 0110 | I59: =MID($C40,I$45,4) -> 0011 | J59: =MID($C40,J$45,4) -> 1011 | K59: R13 | L59: =MID($L40,L$45,4) -> 0011 | M59: =MID($L40,M$45,4) -> 1000 | N59: =MID($L40,N$45,4) -> 0111 | O59: =MID($L40,O$45,4) -> 1100 | P59: =MID($L40,P$45,4) -> 1100 | Q59: =MID($L40,Q$45,4) -> 1101 | R59: =MID($L40,R$45,4) -> 1010 | S59: =MID($L40,S$45,4) -> 1010
B60: L14 | C60: =MID($C41,C$45,4) -> 0011 | D60: =MID($C41,D$45,4) -> 1000 | E60: =MID($C41,E$45,4) -> 0111 | F60: =MID($C41,F$45,4) -> 1100 | G60: =MID($C41,G$45,4) -> 1100 | H60: =MID($C41,H$45,4) -> 1101 | I60: =MID($C41,I$45,4) -> 1010 | J60: =MID($C41,J$45,4) -> 1010 | K60: R14 | L60: =MID($L41,L$45,4) -> 1011 | M60: =MID($L41,M$45,4) -> 1101 | N60: =MID($L41,N$45,4) -> 0010 | O60: =MID($L41,O$45,4) -> 1101 | P60: =MID($L41,P$45,4) -> 1101 | Q60: =MID($L41,Q$45,4) -> 0010 | R60: =MID($L41,R$45,4) -> 1010 | S60: =MID($L41,S$45,4) -> 1011 | U60: CIPHERTEXT MESSAGE (Y)
B61: L15 | C61: =MID($C42,C$45,4) -> 1011 | D61: =MID($C42,D$45,4) -> 1101 | E61: =MID($C42,E$45,4) -> 0010 | F61: =MID($C42,F$45,4) -> 1101 | G61: =MID($C42,G$45,4) -> 1101 | H61: =MID($C42,H$45,4) -> 0010 | I61: =MID($C42,I$45,4) -> 1010 | J61: =MID($C42,J$45,4) -> 1011 | K61: R15 | L61: =MID($L42,L$45,4) -> 1100 | M61: =MID($L42,M$45,4) -> 1111 | N61: =MID($L42,N$45,4) -> 0010 | O61: =MID($L42,O$45,4) -> 0110 | P61: =MID($L42,P$45,4) -> 1011 | Q61: =MID($L42,Q$45,4) -> 0100 | R61: =MID($L42,R$45,4) -> 0111 | S61: =MID($L42,S$45,4) -> 0010 | Z61: Y | AA61: = | AB61: =CONCATENATE(AH51,AH52,AH53,AH54,AH55,AH56,AH57,AH58) -> C0B7A8D05F3A829C
B62: L16 | C62: =MID($C43,C$45,4) -> 1100 | D62: =MID($C43,D$45,4) -> 1111 | E62: =MID($C43,E$45,4) -> 0010 | F62: =MID($C43,F$45,4) -> 0110 | G62: =MID($C43,G$45,4) -> 1011 | H62: =MID($C43,H$45,4) -> 0100 | I62: =MID($C43,I$45,4) -> 0111 | J62: =MID($C43,J$45,4) -> 0010 | K62: R16 | L62: =MID($L43,L$45,4) -> 0001 | M62: =MID($L43,M$45,4) -> 1001 | N62: =MID($L43,N$45,4) -> 1011 | O62: =MID($L43,O$45,4) -> 1010 | P62: =MID($L43,P$45,4) -> 1001 | Q62: =MID($L43,Q$45,4) -> 0010 | R62: =MID($L43,R$45,4) -> 0001 | S62: =MID($L43,S$45,4) -> 0010 | Z62: Y | AA62: = | AB62: =CONCATENATE(AD51,AE51,AD52,AE52,AD53,AE53,AD54,AE54,AD55,AE55,AD56,AE56,AD57,AE57,AD58,AE58) -> 1100000010110111101010001101000001011111001110101000001010011100
B64: L0 | C64: =BIN2HEX(C46) -> 1 | D64: =BIN2HEX(D46) -> 4 | E64: =BIN2HEX(E46) -> A | F64: =BIN2HEX(F46) -> 7 | G64: =BIN2HEX(G46) -> D | H64: =BIN2HEX(H46) -> 6 | I64: =BIN2HEX(I46) -> 7 | J64: =BIN2HEX(J46) -> 8 | K64: R0 | L64: =BIN2HEX(L46) -> 1 | M64: =BIN2HEX(M46) -> 8 | N64: =BIN2HEX(N46) -> C | O64: =BIN2HEX(O46) -> A | P64: =BIN2HEX(P46) -> 1 | Q64: =BIN2HEX(Q46) -> 8 | R64: =BIN2HEX(R46) -> A | S64: =BIN2HEX(S46) -> D
B65: L1 | C65: =BIN2HEX(C47) -> 1 | D65: =BIN2HEX(D47) -> 8 | E65: =BIN2HEX(E47) -> C | F65: =BIN2HEX(F47) -> A | G65: =BIN2HEX(G47) -> 1 | H65: =BIN2HEX(H47) -> 8 | I65: =BIN2HEX(I47) -> A | J65: =BIN2HEX(J47) -> D | K65: R1 | L65: =BIN2HEX(L47) -> 5 | M65: =BIN2HEX(M47) -> A | N65: =BIN2HEX(N47) -> 7 | O65: =BIN2HEX(O47) -> 8 | P65: =BIN2HEX(P47) -> E | Q65: =BIN2HEX(Q47) -> 3 | R65: =BIN2HEX(R47) -> 9 | S65: =BIN2HEX(S47) -> 4
B66: L2 | C66: =BIN2HEX(C48) -> 5 | D66: =BIN2HEX(D48) -> A | E66: =BIN2HEX(E48) -> 7 | F66: =BIN2HEX(F48) -> 8 | G66: =BIN2HEX(G48) -> E | H66: =BIN2HEX(H48) -> 3 | I66: =BIN2HEX(I48) -> 9 | J66: =BIN2HEX(J48) -> 4 | K66: R2 | L66: =BIN2HEX(L48) -> 4 | M66: =BIN2HEX(M48) -> A | N66: =BIN2HEX(N48) -> 1 | O66: =BIN2HEX(O48) -> 2 | P66: =BIN2HEX(P48) -> 1 | Q66: =BIN2HEX(Q48) -> 0 | R66: =BIN2HEX(R48) -> F | S66: =BIN2HEX(S48) -> 6
B67: L3 | C67: =BIN2HEX(C49) -> 4 | D67: =BIN2HEX(D49) -> A | E67: =BIN2HEX(E49) -> 1 | F67: =BIN2HEX(F49) -> 2 | G67: =BIN2HEX(G49) -> 1 | H67: =BIN2HEX(H49) -> 0 | I67: =BIN2HEX(I49) -> F | J67: =BIN2HEX(J49) -> 6 | K67: R3 | L67: =BIN2HEX(L49) -> B | M67: =BIN2HEX(M49) -> 8 | N67: =BIN2HEX(N49) -> 0 | O67: =BIN2HEX(O49) -> 8 | P67: =BIN2HEX(P49) -> 9 | Q67: =BIN2HEX(Q49) -> 5 | R67: =BIN2HEX(R49) -> 9 | S67: =BIN2HEX(S49) -> 1
B68: L4 | C68: =BIN2HEX(C50) -> B | D68: =BIN2HEX(D50) -> 8 | E68: =BIN2HEX(E50) -> 0 | F68: =BIN2HEX(F50) -> 8 | G68: =BIN2HEX(G50) -> 9 | H68: =BIN2HEX(H50) -> 5 | I68: =BIN2HEX(I50) -> 9 | J68: =BIN2HEX(J50) -> 1 | K68: R4 | L68: =BIN2HEX(L50) -> 2 | M68: =BIN2HEX(M50) -> 3 | N68: =BIN2HEX(N50) -> 6 | O68: =BIN2HEX(O50) -> 7 | P68: =BIN2HEX(P50) -> 7 | Q68: =BIN2HEX(Q50) -> 9 | R68: =BIN2HEX(R50) -> C | S68: =BIN2HEX(S50) -> 2
B69: L5 | C69: =BIN2HEX(C51) -> 2 | D69: =BIN2HEX(D51) -> 3 | E69: =BIN2HEX(E51) -> 6 | F69: =BIN2HEX(F51) -> 7 | G69: =BIN2HEX(G51) -> 7 | H69: =BIN2HEX(H51) -> 9 | I69: =BIN2HEX(I51) -> C | J69: =BIN2HEX(J51) -> 2 | K69: R5 | L69: =BIN2HEX(L51) -> A | M69: =BIN2HEX(M51) -> 1 | N69: =BIN2HEX(N51) -> 5 | O69: =BIN2HEX(O51) -> A | P69: =BIN2HEX(P51) -> 4 | Q69: =BIN2HEX(Q51) -> B | R69: =BIN2HEX(R51) -> 8 | S69: =BIN2HEX(S51) -> 7
B70: L6 | C70: =BIN2HEX(C52) -> A | D70: =BIN2HEX(D52) -> 1 | E70: =BIN2HEX(E52) -> 5 | F70: =BIN2HEX(F52) -> A | G70: =BIN2HEX(G52) -> 4 | H70: =BIN2HEX(H52) -> B | I70: =BIN2HEX(I52) -> 8 | J70: =BIN2HEX(J52) -> 7 | K70: R6 | L70: =BIN2HEX(L52) -> 2 | M70: =BIN2HEX(M52) -> E | N70: =BIN2HEX(N52) -> 8 | O70: =BIN2HEX(O52) -> F | P70: =BIN2HEX(P52) -> 9 | Q70: =BIN2HEX(Q52) -> C | R70: =BIN2HEX(R52) -> 6 | S70: =BIN2HEX(S52) -> 5
B71: L7 | C71: =BIN2HEX(C53) -> 2 | D71: =BIN2HEX(D53) -> E | E71: =BIN2HEX(E53) -> 8 | F71: =BIN2HEX(F53) -> F | G71: =BIN2HEX(G53) -> 9 | H71: =BIN2HEX(H53) -> C | I71: =BIN2HEX(I53) -> 6 | J71: =BIN2HEX(J53) -> 5 | K71: R7 | L71: =BIN2HEX(L53) -> A | M71: =BIN2HEX(M53) -> 9 | N71: =BIN2HEX(N53) -> F | O71: =BIN2HEX(O53) -> C | P71: =BIN2HEX(P53) -> 2 | Q71: =BIN2HEX(Q53) -> 0 | R71: =BIN2HEX(R53) -> A | S71: =BIN2HEX(S53) -> 3
B72: L8 | C72: =BIN2HEX(C54) -> A | D72: =BIN2HEX(D54) -> 9 | E72: =BIN2HEX(E54) -> F | F72: =BIN2HEX(F54) -> C | G72: =BIN2HEX(G54) -> 2 | H72: =BIN2HEX(H54) -> 0 | I72: =BIN2HEX(I54) -> A | J72: =BIN2HEX(J54) -> 3 | K72: R8 | L72: =BIN2HEX(L54) -> 3 | M72: =BIN2HEX(M54) -> 0 | N72: =BIN2HEX(N54) -> 8 | O72: =BIN2HEX(O54) -> B | P72: =BIN2HEX(P54) -> E | Q72: =BIN2HEX(Q54) -> E | R72: =BIN2HEX(R54) -> 9 | S72: =BIN2HEX(S54) -> 7
B73: L9 | C73: =BIN2HEX(C55) -> 3 | D73: =BIN2HEX(D55) -> 0 | E73: =BIN2HEX(E55) -> 8 | F73: =BIN2HEX(F55) -> B | G73: =BIN2HEX(G55) -> E | H73: =BIN2HEX(H55) -> E | I73: =BIN2HEX(I55) -> 9 | J73: =BIN2HEX(J55) -> 7 | K73: R9 | L73: =BIN2HEX(L55) -> 1 | M73: =BIN2HEX(M55) -> 0 | N73: =BIN2HEX(N55) -> A | O73: =BIN2HEX(O55) -> F | P73: =BIN2HEX(P55) -> 9 | Q73: =BIN2HEX(Q55) -> D | R73: =BIN2HEX(R55) -> 3 | S73: =BIN2HEX(S55) -> 7
B74: L10 | C74: =BIN2HEX(C56) -> 1 | D74: =BIN2HEX(D56) -> 0 | E74: =BIN2HEX(E56) -> A | F74: =BIN2HEX(F56) -> F | G74: =BIN2HEX(G56) -> 9 | H74: =BIN2HEX(H56) -> D | I74: =BIN2HEX(I56) -> 3 | J74: =BIN2HEX(J56) -> 7 | K74: R10 | L74: =BIN2HEX(L56) -> 6 | M74: =BIN2HEX(M56) -> C | N74: =BIN2HEX(N56) -> A | O74: =BIN2HEX(O56) -> 6 | P74: =BIN2HEX(P56) -> C | Q74: =BIN2HEX(Q56) -> B | R74: =BIN2HEX(R56) -> 2 | S74: =BIN2HEX(S56) -> 0
B75: L11 | C75: =BIN2HEX(C57) -> 6 | D75: =BIN2HEX(D57) -> C | E75: =BIN2HEX(E57) -> A | F75: =BIN2HEX(F57) -> 6 | G75: =BIN2HEX(G57) -> C | H75: =BIN2HEX(H57) -> B | I75: =BIN2HEX(I57) -> 2 | J75: =BIN2HEX(J57) -> 0 | K75: R11 | L75: =BIN2HEX(L57) -> F | M75: =BIN2HEX(M57) -> F | N75: =BIN2HEX(N57) -> 3 | O75: =BIN2HEX(O57) -> C | P75: =BIN2HEX(P57) -> 4 | Q75: =BIN2HEX(Q57) -> 8 | R75: =BIN2HEX(R57) -> 5 | S75: =BIN2HEX(S57) -> F
... B80: L16 | C80: =BIN2HEX(C62) -> C | D80: =BIN2HEX(D62) -> F | E80: =BIN2HEX(E62) -> 2 | F80: =BIN2HEX(F62) -> 6 | G80: =BIN2HEX(G62) -> B | H80: =BIN2HEX(H62) -> 4 | I80: =BIN2HEX(I62) -> 7 | J80: =BIN2HEX(J62) -> 2 | K80: R16 | L80: =BIN2HEX(L62) -> 1 | M80: =BIN2HEX(M62) -> 9 | N80: =BIN2HEX(N62) -> B | O80: =BIN2HEX(O62) -> A | P80: =BIN2HEX(P62) -> 9 | Q80: =BIN2HEX(Q62) -> 2 | R80: =BIN2HEX(R62) -> 1 | S80: =BIN2HEX(S62) -> 2

Sheet AVALANCHE EFFECT
B1: 1 | C1: 2 | D1: 3 | E1: 4 | F1: 5 | G1: 6 | H1: 7 | I1: 8 | J1: 9 | K1: 10 | L1: 11 | M1: 12 | N1: 13 | O1: 14 | P1: 15 | Q1: 16 | R1: 17 | S1: 18 | T1: 19 | U1: 20 | V1: 21 | W1: 22 | X1: 23 | Y1: 24 | Z1: 25 | AA1: 26 | AB1: 27 | AC1: 28 | AD1: 29 | AE1: 30 | AF1: 31 | AG1: 32 | AH1: 33 | AI1: 34 | AJ1: 35 | AK1: 36 | AL1: 37 | AM1: 38 | AN1: 39 | AO1: 40 | AP1: 41 | AQ1: 42 | AR1: 43 | AS1: 44 | AT1: 45 | AU1: 46 | AV1: 47 | AW1: 48 | AX1: 49 | AY1: 50 | AZ1: 51 | BA1: 52 | BB1: 53 | BC1: 54 | BD1: 55 | BE1: 56 | BF1: 57 | BG1: 58 | BH1: 59 | BI1: 60 | BJ1: 61 | BK1: 62 | BL1: 63 | BM1: 64 | BO1: 1 | BP1: 2 | BQ1: 3 | BR1: 4 | BS1: 5 | BT1: 6 | BU1: 7 | BV1: 8 | BW1: 9 | BX1: 10 | BY1: 11 | BZ1: 12 | CA1: 13 | CB1: 14 | CC1: 15 | CD1: 16 | CE1: 17 | CF1: 18 | CG1: 19 | CH1: 20 | CI1: 21 | CJ1: 22 | CK1: 23 | CL1: 24 | CM1: 25 | CN1: 26 | CO1: 27 | CP1: 28 | CQ1: 29 | CR1: 30 | CS1: 31 | CT1: 32 | CU1: 33 | CV1: 34 | CW1: 35 | CX1: 36 | CY1: 37 | CZ1: 38 | DA1: 39 | DB1: 40 | DC1: 41 | DD1: 42 | DE1: 43 | DF1: 44 | DG1: 45 | DH1: 46 | DI1: 47 | DJ1: 48 | DK1: 49 | DL1: 50 | DM1: 51 | DN1: 52 | DO1: 53 | DP1: 54 | DQ1: 55 | DR1: 56 | DS1: 57 | DT1: 58 | DU1: 59 | DV1: 60 | DW1: 61 | DX1: 62 | DY1: 63 | DZ1: 64 | EB1: 1 | EC1: 2 | ED1: 3 | EE1: 4 | EF1: 5 | EG1: 6 | EH1: 7 | EI1: 8 | EJ1: 9 | EK1: 10 | EL1: 11 | EM1: 12 | EN1: 13 | EO1: 14 | EP1: 15 | EQ1: 16 | ER1: 17 | ES1: 18 | ET1: 19 | EU1: 20 | EV1: 21 | EW1: 22 | EX1: 23 | EY1: 24 | EZ1: 25 | FA1: 26 | FB1: 27 | FC1: 28 | FD1: 29 | FE1: 30 | FF1: 31 | FG1: 32 | FH1: 33 | FI1: 34 | FJ1: 35 | FK1: 36 | FL1: 37 | FM1: 38 | FN1: 39 | FO1: 40 | FP1: 41 | FQ1: 42 | FR1: 43 | FS1: 44 | FT1: 45 | FU1: 46 | FV1: 47 | FW1: 48 | FX1: 49 | FY1: 50 | FZ1: 51 | GA1: 52 | GB1: 53 | GC1: 54 | GD1: 55 | GE1: 56 | GF1: 57 | GG1: 58 | GH1: 59 | GI1: 60 | GJ1: 61 | GK1: 62 | GL1: 63 | GM1: 64 | GO1: NUMBER OF BITS
A2: ROUND | B2: MESSAGE 1 | BO2: MESSAGE 2 | EB2: DIFFERENCE BIT BY BIT | GO2: THAT ARE DIFF | GU2: MESSAGE 1 | GW2: MESSAGE 2
A3: 0 | B3: =VLOOKUP(A3,MESSAGE,2,FALSE) -> 0000000100000000000000000000000000000000000000000000000000000000 | BO3: =VLOOKUP(A3,MESSAGE, 4,FALSE) -> 0000000100000000000000000000000000000000000000010000000000000000 | GT3: 0 | GU3: 0000000100000000000000000000000000000000000000000000000000000000 | GW3: 0000000100000000000000000000000000000000000000010000000000000000
B4: =MID($B3,B$1,1) -> 0 | C4: =MID($B3,C$1,1) -> 0 | D4: =MID($B3,D$1,1) -> 0 | E4: =MID($B3,E$1,1) -> 0 | F4: =MID($B3,F$1,1) -> 0 | G4: =MID($B3,G$1,1) -> 0 | H4: =MID($B3,H$1,1) -> 0 | I4: =MID($B3,I$1,1) -> 1 | ... BM4: =MID($B3,BM$1,1) -> 0 | BO4: =MID($BO3,BO$1,1) -> 0 | BP4: =MID($BO3,BP$1,1) -> 0 | BQ4: =MID($BO3,BQ$1,1) -> 0 | BR4: =MID($BO3,BR$1,1) -> 0 | BS4: =MID($BO3,BS$1,1) -> 0 | BT4: =MID($BO3,BT$1,1) -> 0 | BU4: =MID($BO3,BU$1,1) -> 0 | BV4: =MID($BO3,BV$1,1) -> 1 | ... DZ4: =MID($BO3,DZ$1,1) -> 0 | EB4: =IF(B4=BO4,0,1) -> 0 | EC4: =IF(C4=BP4,0,1) -> 0 | ED4: =IF(D4=BQ4,0,1) -> 0 | EE4: =IF(E4=BR4,0,1) -> 0 | EF4: =IF(F4=BS4,0,1) -> 0 | EG4: =IF(G4=BT4,0,1) -> 0 | EH4: =IF(H4=BU4,0,1) -> 0 | EI4: =IF(I4=BV4,0,1) -> 0 | ... GM4: =IF(BM4=DZ4,0,1) -> 0 | GO4: =SUM(EB4:GM4) -> 1 | GT4: 1 | GU4: 1011011110100101010001111110101000000001000000000000000000000000 | GW4: 1011011110100100010001111110101000000001000000000000000000000000
A5: 1 | B5: =VLOOKUP(A5,MESSAGE,2,FALSE) -> 1011011110100101010001111110101000000001000000000000000000000000 | BO5: =VLOOKUP(A5,MESSAGE, 4,FALSE) -> 1011011110100100010001111110101000000001000000000000000000000000 | GT5: 2 | GU5: 0101010101111101101000001001110010110111101001010100011111101010 | GW5: 1111010100111101101100000001110010110111101001000100011111101010
B6: =MID($B5,B$1,1) -> 1 | C6: =MID($B5,C$1,1) -> 0 | D6: =MID($B5,D$1,1) -> 1 | E6: =MID($B5,E$1,1) -> 1 | F6: =MID($B5,F$1,1) -> 0 | G6: =MID($B5,G$1,1) -> 1 | H6: =MID($B5,H$1,1) -> 1 | I6: =MID($B5,I$1,1) -> 1 | ... BM6: =MID($B5,BM$1,1) -> 0 | BO6: =MID($BO5,BO$1,1) -> 1 | BP6: =MID($BO5,BP$1,1) -> 0 | BQ6: =MID($BO5,BQ$1,1) -> 1 | BR6: =MID($BO5,BR$1,1) -> 1 | BS6: =MID($BO5,BS$1,1) -> 0 | BT6: =MID($BO5,BT$1,1) -> 1 | BU6: =MID($BO5,BU$1,1) -> 1 | BV6: =MID($BO5,BV$1,1) -> 1 | ... DZ6: =MID($BO5,DZ$1,1) -> 0 | EB6: =IF(B6=BO6,0,1) -> 0 | EC6: =IF(C6=BP6,0,1) -> 0 | ED6: =IF(D6=BQ6,0,1) -> 0 | EE6: =IF(E6=BR6,0,1) -> 0 | EF6: =IF(F6=BS6,0,1) -> 0 | EG6: =IF(G6=BT6,0,1) -> 0 | EH6: =IF(H6=BU6,0,1) -> 0 | EI6: =IF(I6=BV6,0,1) -> 0 | ... GM6: =IF(BM6=DZ6,0,1) -> 0 | GO6: =SUM(EB6:GM6) -> 1 | GT6: 3 | GU6: 1111111000010011100111111111110001010101011111011010000010011100 | GW6: 1111110100100111001100100101010011110101001111011011000000011100
A7: 2 | B7: =VLOOKUP(A7,MESSAGE,2,FALSE) -> 0101010101111101101000001001110010110111101001010100011111101010 | BO7: =VLOOKUP(A7,MESSAGE, 4,FALSE) -> 1111010100111101101100000001110010110111101001000100011111101010 | GT7: 4 | GU7: 1100111000110111100001110001010111111110000100111001111111111100 | GW7: 1101100100011000110111100011010111111101001001110011001001010100
B8: =MID($B7,B$1,1) -> 0 | C8: =MID($B7,C$1,1) -> 1 | D8: =MID($B7,D$1,1) -> 0 | E8: =MID($B7,E$1,1) -> 1 | F8: =MID($B7,F$1,1) -> 0 | G8: =MID($B7,G$1,1) -> 1 | H8: =MID($B7,H$1,1) -> 0 | I8: =MID($B7,I$1,1) -> 1 | ... BM8: =MID($B7,BM$1,1) -> 0 | BO8: =MID($BO7,BO$1,1) -> 1 | BP8: =MID($BO7,BP$1,1) -> 1 | BQ8: =MID($BO7,BQ$1,1) -> 1 | BR8: =MID($BO7,BR$1,1) -> 1 | BS8: =MID($BO7,BS$1,1) -> 0 | BT8: =MID($BO7,BT$1,1) -> 1 | BU8: =MID($BO7,BU$1,1) -> 0 | BV8: =MID($BO7,BV$1,1) -> 1 | ... DZ8: =MID($BO7,DZ$1,1) -> 0 | EB8: =IF(B8=BO8,0,1) -> 1 | EC8: =IF(C8=BP8,0,1) -> 0 | ED8: =IF(D8=BQ8,0,1) -> 1 | EE8: =IF(E8=BR8,0,1) -> 0 | EF8: =IF(F8=BS8,0,1) -> 0 | EG8: =IF(G8=BT8,0,1) -> 0 | EH8: =IF(H8=BU8,0,1) -> 0 | EI8: =IF(I8=BV8,0,1) -> 0 | ... GM8: =IF(BM8=DZ8,0,1) -> 0 | GO8: =SUM(EB8:GM8) -> 6 | GT8: 5 | GU8: 1100001010000101011111101111110111001110001101111000011100010101 | GW8: 0110001010010101110000000100011011011001000110001101111000110101
A9: 3 | B9: =VLOOKUP(A9,MESSAGE,2,FALSE) -> 1111111000010011100111111111110001010101011111011010000010011100 | BO9: =VLOOKUP(A9,MESSAGE, 4,FALSE) -> 1111110100100111001100100101010011110101001111011011000000011100 | GT9: 6 | GU9: 0001111000111001010010010101100111000010100001010111111011111101 | GW9: 0000101101000000000100110101010101100010100101011100000001000110
B10: =MID($B9,B$1,1) -> 1 | C10: =MID($B9,C$1,1) -> 1 | D10: =MID($B9,D$1,1) -> 1 | E10: =MID($B9,E$1,1) -> 1 | F10: =MID($B9,F$1,1) -> 1 | G10: =MID($B9,G$1,1) -> 1 | H10: =MID($B9,H$1,1) -> 1 | I10: =MID($B9,I$1,1) -> 0 | ... BM10: =MID($B9,BM$1,1) -> 0 | BO10: =MID($BO9,BO$1,1) -> 1 | BP10: =MID($BO9,BP$1,1) -> 1 | BQ10: =MID($BO9,BQ$1,1) -> 1 | BR10: =MID($BO9,BR$1,1) -> 1 | BS10: =MID($BO9,BS$1,1) -> 1 | BT10: =MID($BO9,BT$1,1) -> 1 | BU10: =MID($BO9,BU$1,1) -> 0 | BV10: =MID($BO9,BV$1,1) -> 1 | ... DZ10: =MID($BO9,DZ$1,1) -> 0 | EB10: =IF(B10=BO10,0,1) -> 0 | EC10: =IF(C10=BP10,0,1) -> 0 | ED10: =IF(D10=BQ10,0,1) -> 0 | EE10: =IF(E10=BR10,0,1) -> 0 | EF10: =IF(F10=BS10,0,1) -> 0 | EG10: =IF(G10=BT10,0,1) -> 0 | EH10: =IF(H10=BU10,0,1) -> 1 | EI10: =IF(I10=BV10,0,1) -> 1 | ... GM10: =IF(BM10=DZ10,0,1) -> 0 | GO10: =SUM(EB10:GM10) -> 18 | GT10: 7 | GU10: 0111100011111100001000000101100100011110001110010100100101011001 | GW10: 1000001100100100001010100111101100001011010000000001001101010101
A11: 4 | B11: =VLOOKUP(A11,MESSAGE,2,FALSE) -> 1100111000110111100001110001010111111110000100111001111111111100 | BO11: =VLOOKUP(A11,MESSAGE, 4,FALSE) -> 1101100100011000110111100011010111111101001001110011001001010100 | GT11: 8 | GU11: 1000100000011110100011000000010001111000111111000010000001011001 | GW11: 0110001101100011010100011000101010000011001001000010101001111011
B12: =MID($B11,B$1,1) -> 1 | C12: =MID($B11,C$1,1) -> 1 | D12: =MID($B11,D$1,1) -> 0 | E12: =MID($B11,E$1,1) -> 0 | F12: =MID($B11,F$1,1) -> 1 | G12: =MID($B11,G$1,1) -> 1 | H12: =MID($B11,H$1,1) -> 1 | I12: =MID($B11,I$1,1) -> 0 | ... BM12: =MID($B11,BM$1,1) -> 0 | BO12: =MID($BO11,BO$1,1) -> 1 | BP12: =MID($BO11,BP$1,1) -> 1 | BQ12: =MID($BO11,BQ$1,1) -> 0 | BR12: =MID($BO11,BR$1,1) -> 1 | BS12: =MID($BO11,BS$1,1) -> 1 | BT12: =MID($BO11,BT$1,1) -> 0 | BU12: =MID($BO11,BU$1,1) -> 0 | BV12: =MID($BO11,BV$1,1) -> 1 | ... DZ12: =MID($BO11,DZ$1,1) -> 0 | EB12: =IF(B12=BO12,0,1) -> 0 | EC12: =IF(C12=BP12,0,1) -> 0 | ED12: =IF(D12=BQ12,0,1) -> 0 | EE12: =IF(E12=BR12,0,1) -> 1 | EF12: =IF(F12=BS12,0,1) -> 0 | EG12: =IF(G12=BT12,0,1) -> 1 | EH12: =IF(H12=BU12,0,1) -> 1 | EI12: =IF(I12=BV12,0,1) -> 1 | ... GM12: =IF(BM12=DZ12,0,1) -> 0 | GO12: =SUM(EB12:GM12) -> 27 | GT12: 9 | GU12: 0010000000110101000111010000101110001000000111101000110000000100 | GW12: 1101101111011001110100111010100001100011011000110101000110001010
A13: 5 | B13: =VLOOKUP(A13,MESSAGE,2,FALSE) -> 1100001010000101011111101111110111001110001101111000011100010101 | BO13: =VLOOKUP(A13,MESSAGE, 4,FALSE) -> 0110001010010101110000000100011011011001000110001101111000110101 | GT13: 10 | GU13: 1110010101000011100000001001100000100000001101010001110100001011 | GW13: 1001010001001000001100010110111111011011110110011101001110101000
B14: =MID($B13,B$1,1) -> 1 | C14: =MID($B13,C$1,1) -> 1 | D14: =MID($B13,D$1,1) -> 0 | E14: =MID($B13,E$1,1) -> 0 | F14: =MID($B13,F$1,1) -> 0 | G14: =MID($B13,G$1,1) -> 0 | H14: =MID($B13,H$1,1) -> 1 | I14: =MID($B13,I$1,1) -> 0 | ... BM14: =MID($B13,BM$1,1) -> 1 | BO14: =MID($BO13,BO$1,1) -> 0 | BP14: =MID($BO13,BP$1,1) -> 1 | BQ14: =MID($BO13,BQ$1,1) -> 1 | BR14: =MID($BO13,BR$1,1) -> 0 | BS14: =MID($BO13,BS$1,1) -> 0 | BT14: =MID($BO13,BT$1,1) -> 0 | BU14: =MID($BO13,BU$1,1) -> 1 | BV14: =MID($BO13,BV$1,1) -> 0 | ... DZ14: =MID($BO13,DZ$1,1) -> 1 | EB14: =IF(B14=BO14,0,1) -> 1 | EC14: =IF(C14=BP14,0,1) -> 0 | ED14: =IF(D14=BQ14,0,1) -> 1 | EE14: =IF(E14=BR14,0,1) -> 0 | EF14: =IF(F14=BS14,0,1) -> 0 | EG14: =IF(G14=BT14,0,1) -> 0 | EH14: =IF(H14=BU14,0,1) -> 0 | EI14: =IF(I14=BV14,0,1) -> 0 | ... GM14: =IF(BM14=DZ14,0,1) -> 0 | GO14: =SUM(EB14:GM14) -> 29 | GT14: 11 | GU14: 1010100111001010110001001101111111100101010000111000000010011000 | GW14: 1110010110100110111011100011010110010100010010000011000101101111
A15: 6 | B15: =VLOOKUP(A15,MESSAGE,2,FALSE) -> 0001111000111001010010010101100111000010100001010111111011111101 | BO15: =VLOOKUP(A15,MESSAGE, 4,FALSE) -> 0000101101000000000100110101010101100010100101011100000001000110 | GT15: 12 | GU15: 1100110111111000000011111011000110101001110010101100010011011111 | GW15: 1011101101001010010001011101010011100101101001101110111000110101
B16: =MID($B15,B$1,1) -> 0 | C16: =MID($B15,C$1,1) -> 0 | D16: =MID($B15,D$1,1) -> 0 | E16: =MID($B15,E$1,1) -> 1 | F16: =MID($B15,F$1,1) -> 1 | G16: =MID($B15,G$1,1) -> 1 | H16: =MID($B15,H$1,1) -> 1 | I16: =MID($B15,I$1,1) -> 0 | ... BM16: =MID($B15,BM$1,1) -> 1 | BO16: =MID($BO15,BO$1,1) -> 0 | BP16: =MID($BO15,BP$1,1) -> 0 | BQ16: =MID($BO15,BQ$1,1) -> 0 | BR16: =MID($BO15,BR$1,1) -> 0 | BS16: =MID($BO15,BS$1,1) -> 1 | BT16: =MID($BO15,BT$1,1) -> 0 | BU16: =MID($BO15,BU$1,1) -> 1 | BV16: =MID($BO15,BV$1,1) -> 1 | ... DZ16: =MID($BO15,DZ$1,1) -> 0 | EB16: =IF(B16=BO16,0,1) -> 0 | EC16: =IF(C16=BP16,0,1) -> 0 | ED16: =IF(D16=BQ16,0,1) -> 0 | EE16: =IF(E16=BR16,0,1) -> 1 | EF16: =IF(F16=BS16,0,1) -> 0 | EG16: =IF(G16=BT16,0,1) -> 1 | EH16: =IF(H16=BU16,0,1) -> 0 | EI16: =IF(I16=BV16,0,1) -> 1 | ... GM16: =IF(BM16=DZ16,0,1) -> 1 | GO16: =SUM(EB16:GM16) -> 29 | GT16: 13 | GU16: 0010110000100011010010010111001011001101111110000000111110110001 | GW16: 0101111011000111110001001110111010111011010010100100010111010100
A17: 7 | B17: =VLOOKUP(A17,MESSAGE,2,FALSE) -> 0111100011111100001000000101100100011110001110010100100101011001 | BO17: =VLOOKUP(A17,MESSAGE, 4,FALSE) -> 1000001100100100001010100111101100001011010000000001001101010101 | GT17: 14 | GU17: 0100100111111001100001110110100100101100001000110100100101110010 | GW17: 0100011110000101011000101010111101011110110001111100010011101110
B18: =MID($B17,B$1,1) -> 0 | C18: =MID($B17,C$1,1) -> 1 | D18: =MID($B17,D$1,1) -> 1 | E18: =MID($B17,E$1,1) -> 1 | F18: =MID($B17,F$1,1) -> 1 | G18: =MID($B17,G$1,1) -> 0 | H18: =MID($B17,H$1,1) -> 0 | I18: =MID($B17,I$1,1) -> 0 | ... BM18: =MID($B17,BM$1,1) -> 1 | BO18: =MID($BO17,BO$1,1) -> 1 | BP18: =MID($BO17,BP$1,1) -> 0 | BQ18: =MID($BO17,BQ$1,1) -> 0 | BR18: =MID($BO17,BR$1,1) -> 0 | BS18: =MID($BO17,BS$1,1) -> 0 | BT18: =MID($BO17,BT$1,1) -> 0 | BU18: =MID($BO17,BU$1,1) -> 1 | BV18: =MID($BO17,BV$1,1) -> 1 | ... DZ18: =MID($BO17,DZ$1,1) -> 1 | EB18: =IF(B18=BO18,0,1) -> 1 | EC18: =IF(C18=BP18,0,1) -> 1 | ED18: =IF(D18=BQ18,0,1) -> 1 | EE18: =IF(E18=BR18,0,1) -> 1 | EF18: =IF(F18=BS18,0,1) -> 1 | EG18: =IF(G18=BT18,0,1) -> 0 | EH18: =IF(H18=BU18,0,1) -> 1 | EI18: =IF(I18=BV18,0,1) -> 1 | ... GM18: =IF(BM18=DZ18,0,1) -> 0 | GO18: =SUM(EB18:GM18) -> 29 | GT18: 15 | GU18: 0000110100111101011000100001101001001001111110011000011101101001 | GW18: 1110011001100000101100001100001101000111100001010110001010101111
A19: 8 | B19: =VLOOKUP(A19,MESSAGE,2,FALSE) -> 1000100000011110100011000000010001111000111111000010000001011001 | BO19: =VLOOKUP(A19,MESSAGE, 4,FALSE) -> 0110001101100011010100011000101010000011001001000010101001111011 | GT19: 16 | GU19: 1111110110100010001110011110001000001101001111010110001000011010 | GW19: 1101101011001110001100001010100011100110011000001011000011000011
B20: =MID($B19,B$1,1) -> 1 | C20: =MID($B19,C$1,1) -> 0 | D20: =MID($B19,D$1,1) -> 0 | E20: =MID($B19,E$1,1) -> 0 | F20: =MID($B19,F$1,1) -> 1 | G20: =MID($B19,G$1,1) -> 0 | H20: =MID($B19,H$1,1) -> 0 | I20: =MID($B19,I$1,1) -> 0 | ... BM20: =MID($B19,BM$1,1) -> 1 | BO20: =MID($BO19,BO$1,1) -> 0 | BP20: =MID($BO19,BP$1,1) -> 1 | BQ20: =MID($BO19,BQ$1,1) -> 1 | BR20: =MID($BO19,BR$1,1) -> 0 | BS20: =MID($BO19,BS$1,1) -> 0 | BT20: =MID($BO19,BT$1,1) -> 0 | BU20: =MID($BO19,BU$1,1) -> 1 | BV20: =MID($BO19,BV$1,1) -> 1 | ... DZ20: =MID($BO19,DZ$1,1) -> 1 | EB20: =IF(B20=BO20,0,1) -> 1 | EC20: =IF(C20=BP20,0,1) -> 1 | ED20: =IF(D20=BQ20,0,1) -> 1 | EE20: =IF(E20=BR20,0,1) -> 0 | EF20: =IF(F20=BS20,0,1) -> 1 | EG20: =IF(G20=BT20,0,1) -> 0 | EH20: =IF(H20=BU20,0,1) -> 1 | EI20: =IF(I20=BV20,0,1) -> 1 | ... GM20: =IF(BM20=DZ20,0,1) -> 0 | GO20: =SUM(EB20:GM20) -> 37
A21: 9 | B21: =VLOOKUP(A21,MESSAGE,2,FALSE) -> 0010000000110101000111010000101110001000000111101000110000000100 | BO21: =VLOOKUP(A21,MESSAGE, 4,FALSE) -> 1101101111011001110100111010100001100011011000110101000110001010
B22: =MID($B21,B$1,1) -> 0 | C22: =MID($B21,C$1,1) -> 0 | D22: =MID($B21,D$1,1) -> 1 | E22: =MID($B21,E$1,1) -> 0 | F22: =MID($B21,F$1,1) -> 0 | G22: =MID($B21,G$1,1) -> 0 | H22: =MID($B21,H$1,1) -> 0 | I22: =MID($B21,I$1,1) -> 0 | ... BM22: =MID($B21,BM$1,1) -> 0 | BO22: =MID($BO21,BO$1,1) -> 1 | BP22: =MID($BO21,BP$1,1) -> 1 | BQ22: =MID($BO21,BQ$1,1) -> 0 | BR22: =MID($BO21,BR$1,1) -> 1 | BS22: =MID($BO21,BS$1,1) -> 1 | BT22: =MID($BO21,BT$1,1) -> 0 | BU22: =MID($BO21,BU$1,1) -> 1 | BV22: =MID($BO21,BV$1,1) -> 1 | ... DZ22: =MID($BO21,DZ$1,1) -> 0 | EB22: =IF(B22=BO22,0,1) -> 1 | EC22: =IF(C22=BP22,0,1) -> 1 | ED22: =IF(D22=BQ22,0,1) -> 1 | EE22: =IF(E22=BR22,0,1) -> 1 | EF22: =IF(F22=BS22,0,1) -> 1 | EG22: =IF(G22=BT22,0,1) -> 0 | EH22: =IF(H22=BU22,0,1) -> 1 | EI22: =IF(I22=BV22,0,1) -> 1 | ... GM22: =IF(BM22=DZ22,0,1) -> 0 | GO22: =SUM(EB22:GM22) -> 43
A23: 10 | B23: =VLOOKUP(A23,MESSAGE,2,FALSE) -> 1110010101000011100000001001100000100000001101010001110100001011 | BO23: =VLOOKUP(A23,MESSAGE, 4,FALSE) -> 1001010001001000001100010110111111011011110110011101001110101000
B24: =MID($B23,B$1,1) -> 1 | C24: =MID($B23,C$1,1) -> 1 | D24: =MID($B23,D$1,1) -> 1 | E24: =MID($B23,E$1,1) -> 0 | F24: =MID($B23,F$1,1) -> 0 | G24: =MID($B23,G$1,1) -> 1 | H24: =MID($B23,H$1,1) -> 0 | I24: =MID($B23,I$1,1) -> 1 | ... BM24: =MID($B23,BM$1,1) -> 1 | BO24: =MID($BO23,BO$1,1) -> 1 | BP24: =MID($BO23,BP$1,1) -> 0 | BQ24: =MID($BO23,BQ$1,1) -> 0 | BR24: =MID($BO23,BR$1,1) -> 1 | BS24: =MID($BO23,BS$1,1) -> 0 | BT24: =MID($BO23,BT$1,1) -> 1 | BU24: =MID($BO23,BU$1,1) -> 0 | BV24: =MID($BO23,BV$1,1) -> 0 | ... DZ24: =MID($BO23,DZ$1,1) -> 0 | EB24: =IF(B24=BO24,0,1) -> 0 | EC24: =IF(C24=BP24,0,1) -> 1 | ED24: =IF(D24=BQ24,0,1) -> 1 | EE24: =IF(E24=BR24,0,1) -> 1 | EF24: =IF(F24=BS24,0,1) -> 0 | EG24: =IF(G24=BT24,0,1) -> 0 | EH24: =IF(H24=BU24,0,1) -> 0 | EI24: =IF(I24=BV24,0,1) -> 1 | ... GM24: =IF(BM24=DZ24,0,1) -> 1 | GO24: =SUM(EB24:GM24) -> 39
A25: 11 | B25: =VLOOKUP(A25,MESSAGE,2,FALSE) -> 1010100111001010110001001101111111100101010000111000000010011000 | BO25: =VLOOKUP(A25,MESSAGE, 4,FALSE) -> 1110010110100110111011100011010110010100010010000011000101101111
B26: =MID($B25,B$1,1) -> 1 | C26: =MID($B25,C$1,1) -> 0 | D26: =MID($B25,D$1,1) -> 1 | E26: =MID($B25,E$1,1) -> 0 | F26: =MID($B25,F$1,1) -> 1 | G26: =MID($B25,G$1,1) -> 0 | H26: =MID($B25,H$1,1) -> 0 | I26: =MID($B25,I$1,1) -> 1 | ... BM26: =MID($B25,BM$1,1) -> 0 | BO26: =MID($BO25,BO$1,1) -> 1 | BP26: =MID($BO25,BP$1,1) -> 1 | BQ26: =MID($BO25,BQ$1,1) -> 1 | BR26: =MID($BO25,BR$1,1) -> 0 | BS26: =MID($BO25,BS$1,1) -> 0 | BT26: =MID($BO25,BT$1,1) -> 1 | BU26: =MID($BO25,BU$1,1) -> 0 | BV26: =MID($BO25,BV$1,1) -> 1 | ... DZ26: =MID($BO25,DZ$1,1) -> 1 | EB26: =IF(B26=BO26,0,1) -> 0 | EC26: =IF(C26=BP26,0,1) -> 1 | ED26: =IF(D26=BQ26,0,1) -> 0 | EE26: =IF(E26=BR26,0,1) -> 0 | EF26: =IF(F26=BS26,0,1) -> 1 | EG26: =IF(G26=BT26,0,1) -> 1 | EH26: =IF(H26=BU26,0,1) -> 0 | EI26: =IF(I26=BV26,0,1) -> 0 | ... GM26: =IF(BM26=DZ26,0,1) -> 1 | GO26: =SUM(EB26:GM26) -> 33
A27: 12 | B27: =VLOOKUP(A27,MESSAGE,2,FALSE) -> 1100110111111000000011111011000110101001110010101100010011011111 | BO27: =VLOOKUP(A27,MESSAGE, 4,FALSE) -> 1011101101001010010001011101010011100101101001101110111000110101
B28: =MID($B27,B$1,1) -> 1 | C28: =MID($B27,C$1,1) -> 1 | D28: =MID($B27,D$1,1) -> 0 | E28: =MID($B27,E$1,1) -> 0 | F28: =MID($B27,F$1,1) -> 1 | G28: =MID($B27,G$1,1) -> 1 | H28: =MID($B27,H$1,1) -> 0 | I28: =MID($B27,I$1,1) -> 1 | ... BM28: =MID($B27,BM$1,1) -> 1 | BO28: =MID($BO27,BO$1,1) -> 1 | BP28: =MID($BO27,BP$1,1) -> 0 | BQ28: =MID($BO27,BQ$1,1) -> 1 | BR28: =MID($BO27,BR$1,1) -> 1 | BS28: =MID($BO27,BS$1,1) -> 1 | BT28: =MID($BO27,BT$1,1) -> 0 | BU28: =MID($BO27,BU$1,1) -> 1 | BV28: =MID($BO27,BV$1,1) -> 1 | ... DZ28: =MID($BO27,DZ$1,1) -> 1 | EB28: =IF(B28=BO28,0,1) -> 0 | EC28: =IF(C28=BP28,0,1) -> 1 | ED28: =IF(D28=BQ28,0,1) -> 1 | EE28: =IF(E28=BR28,0,1) -> 1 | EF28: =IF(F28=BS28,0,1) -> 0 | EG28: =IF(G28=BT28,0,1) -> 1 | EH28: =IF(H28=BU28,0,1) -> 1 | EI28: =IF(I28=BV28,0,1) -> 0 | ... GM28: =IF(BM28=DZ28,0,1) -> 0 | GO28: =SUM(EB28:GM28) -> 31
A29: 13 | B29: =VLOOKUP(A29,MESSAGE,2,FALSE) -> 0010110000100011010010010111001011001101111110000000111110110001 | BO29: =VLOOKUP(A29,MESSAGE, 4,FALSE) -> 0101111011000111110001001110111010111011010010100100010111010100
B30: =MID($B29,B$1,1) -> 0 | C30: =MID($B29,C$1,1) -> 0 | D30: =MID($B29,D$1,1) -> 1 | E30: =MID($B29,E$1,1) -> 0 | F30: =MID($B29,F$1,1) -> 1 | G30: =MID($B29,G$1,1) -> 1 | H30: =MID($B29,H$1,1) -> 0 | I30: =MID($B29,I$1,1) -> 0 | ... BM30: =MID($B29,BM$1,1) -> 1 | BO30: =MID($BO29,BO$1,1) -> 0 | BP30: =MID($BO29,BP$1,1) -> 1 | BQ30: =MID($BO29,BQ$1,1) -> 0 | BR30: =MID($BO29,BR$1,1) -> 1 | BS30: =MID($BO29,BS$1,1) -> 1 | BT30: =MID($BO29,BT$1,1) -> 1 | BU30: =MID($BO29,BU$1,1) -> 1 | BV30: =MID($BO29,BV$1,1) -> 0 | ... DZ30: =MID($BO29,DZ$1,1) -> 0 | EB30: =IF(B30=BO30,0,1) -> 0 | EC30: =IF(C30=BP30,0,1) -> 1 | ED30: =IF(D30=BQ30,0,1) -> 1 | EE30: =IF(E30=BR30,0,1) -> 1 | EF30: =IF(F30=BS30,0,1) -> 0 | EG30: =IF(G30=BT30,0,1) -> 0 | EH30: =IF(H30=BU30,0,1) -> 1 | EI30: =IF(I30=BV30,0,1) -> 0 | ... GM30: =IF(BM30=DZ30,0,1) -> 1 | GO30: =SUM(EB30:GM30) -> 32
A31: 14 | B31: =VLOOKUP(A31,MESSAGE,2,FALSE) -> 0100100111111001100001110110100100101100001000110100100101110010 | BO31: =VLOOKUP(A31,MESSAGE, 4,FALSE) -> 0100011110000101011000101010111101011110110001111100010011101110
B32: =MID($B31,B$1,1) -> 0 | C32: =MID($B31,C$1,1) -> 1 | D32: =MID($B31,D$1,1) -> 0 | E32: =MID($B31,E$1,1) -> 0 | F32: =MID($B31,F$1,1) -> 1 | G32: =MID($B31,G$1,1) -> 0 | H32: =MID($B31,H$1,1) -> 0 | I32: =MID($B31,I$1,1) -> 1 | ... BM32: =MID($B31,BM$1,1) -> 0 | BO32: =MID($BO31,BO$1,1) -> 0 | BP32: =MID($BO31,BP$1,1) -> 1 | BQ32: =MID($BO31,BQ$1,1) -> 0 | BR32: =MID($BO31,BR$1,1) -> 0 | BS32: =MID($BO31,BS$1,1) -> 0 | BT32: =MID($BO31,BT$1,1) -> 1 | BU32: =MID($BO31,BU$1,1) -> 1 | BV32: =MID($BO31,BV$1,1) -> 1 | ... DZ32: =MID($BO31,DZ$1,1) -> 0 | EB32: =IF(B32=BO32,0,1) -> 0 | EC32: =IF(C32=BP32,0,1) -> 0 | ED32: =IF(D32=BQ32,0,1) -> 0 | EE32: =IF(E32=BR32,0,1) -> 0 | EF32: =IF(F32=BS32,0,1) -> 1 | EG32: =IF(G32=BT32,0,1) -> 1 | EH32: =IF(H32=BU32,0,1) -> 1 | EI32: =IF(I32=BV32,0,1) -> 0 | ... GM32: =IF(BM32=DZ32,0,1) -> 0 | GO32: =SUM(EB32:GM32) -> 33
A33: 15 | B33: =VLOOKUP(A33,MESSAGE,2,FALSE) -> 0000110100111101011000100001101001001001111110011000011101101001 | BO33: =VLOOKUP(A33,MESSAGE, 4,FALSE) -> 1110011001100000101100001100001101000111100001010110001010101111
B34: =MID($B33,B$1,1) -> 0 | C34: =MID($B33,C$1,1) -> 0 | D34: =MID($B33,D$1,1) -> 0 | E34: =MID($B33,E$1,1) -> 0 | F34: =MID($B33,F$1,1) -> 1 | G34: =MID($B33,G$1,1) -> 1 | H34: =MID($B33,H$1,1) -> 0 | I34: =MID($B33,I$1,1) -> 1 | ... BM34: =MID($B33,BM$1,1) -> 1 | BO34: =MID($BO33,BO$1,1) -> 1 | BP34: =MID($BO33,BP$1,1) -> 1 | BQ34: =MID($BO33,BQ$1,1) -> 1 | BR34: =MID($BO33,BR$1,1) -> 0 | BS34: =MID($BO33,BS$1,1) -> 0 | BT34: =MID($BO33,BT$1,1) -> 1 | BU34: =MID($BO33,BU$1,1) -> 1 | BV34: =MID($BO33,BV$1,1) -> 0 | ... DZ34: =MID($BO33,DZ$1,1) -> 1 | EB34: =IF(B34=BO34,0,1) -> 1 | EC34: =IF(C34=BP34,0,1) -> 1 | ED34: =IF(D34=BQ34,0,1) -> 1 | EE34: =IF(E34=BR34,0,1) -> 0 | EF34: =IF(F34=BS34,0,1) -> 1 | EG34: =IF(G34=BT34,0,1) -> 0 | EH34: =IF(H34=BU34,0,1) -> 1 | EI34: =IF(I34=BV34,0,1) -> 1 | ... GM34: =IF(BM34=DZ34,0,1) -> 0 | GO34: =SUM(EB34:GM34) -> 37
A35: 16 | B35: =VLOOKUP(A35,MESSAGE,2,FALSE) -> 1111110110100010001110011110001000001101001111010110001000011010 | BO35: =VLOOKUP(A35,MESSAGE, 4,FALSE) -> 1101101011001110001100001010100011100110011000001011000011000011
B36: =MID($B35,B$1,1) -> 1 | C36: =MID($B35,C$1,1) -> 1 | D36: =MID($B35,D$1,1) -> 1 | E36: =MID($B35,E$1,1) -> 1 | F36: =MID($B35,F$1,1) -> 1 | G36: =MID($B35,G$1,1) -> 1 | H36: =MID($B35,H$1,1) -> 0 | I36: =MID($B35,I$1,1) -> 1 | ... BM36: =MID($B35,BM$1,1) -> 0 | BO36: =MID($BO35,BO$1,1) -> 1 | BP36: =MID($BO35,BP$1,1) -> 1 | BQ36: =MID($BO35,BQ$1,1) -> 0 | BR36: =MID($BO35,BR$1,1) -> 1 | BS36: =MID($BO35,BS$1,1) -> 1 | BT36: =MID($BO35,BT$1,1) -> 0 | BU36: =MID($BO35,BU$1,1) -> 1 | BV36: =MID($BO35,BV$1,1) -> 0 | ... DZ36: =MID($BO35,DZ$1,1) -> 1 | EB36: =IF(B36=BO36,0,1) -> 0 | EC36: =IF(C36=BP36,0,1) -> 0 | ED36: =IF(D36=BQ36,0,1) -> 1 | EE36: =IF(E36=BR36,0,1) -> 0 | EF36: =IF(F36=BS36,0,1) -> 0 | EG36: =IF(G36=BT36,0,1) -> 1 | EH36: =IF(H36=BU36,0,1) -> 1 | EI36: =IF(I36=BV36,0,1) -> 1 | ... GM36: =IF(BM36=DZ36,0,1) -> 1 | GO36: =SUM(EB36:GM36) -> 33
C38: STANDARD DES PROCESS

Sheet CiDi SHEET
B1: REF | C1: 1 | D1: 2 | E1: 3 | F1: 4 | G1: 5 | H1: 6 | I1: 7 | J1: CONCATENATED
A2: K+ | B2: 1 | C2: =MID('IO SHEET'!$B$11,VLOOKUP($B2,PC_1,'CiDi SHEET'!C$1+1,FALSE),1) -> 1 | D2: =MID('IO SHEET'!$B$11,VLOOKUP($B2,PC_1,'CiDi SHEET'!D$1+1,FALSE),1) -> 1 | E2: =MID('IO SHEET'!$B$11,VLOOKUP($B2,PC_1,'CiDi SHEET'!E$1+1,FALSE),1) -> 0 | F2: =MID('IO SHEET'!$B$11,VLOOKUP($B2,PC_1,'CiDi SHEET'!F$1+1,FALSE),1) -> 0 | G2: =MID('IO SHEET'!$B$11,VLOOKUP($B2,PC_1,'CiDi SHEET'!G$1+1,FALSE),1) -> 0 | H2: =MID('IO SHEET'!$B$11,VLOOKUP($B2,PC_1,'CiDi SHEET'!H$1+1,FALSE),1) -> 0 | I2: =MID('IO SHEET'!$B$11,VLOOKUP($B2,PC_1,'CiDi SHEET'!I$1+1,FALSE),1) -> 1 | J2: =CONCATENATE(C2,D2,E2,F2,G2,H2,I2) -> 1100001
B3: 2 | C3: =MID('IO SHEET'!$B$11,VLOOKUP($B3,PC_1,'CiDi SHEET'!C$1+1,FALSE),1) -> 1 | D3: =MID('IO SHEET'!$B$11,VLOOKUP($B3,PC_1,'CiDi SHEET'!D$1+1,FALSE),1) -> 1 | E3: =MID('IO SHEET'!$B$11,VLOOKUP($B3,PC_1,'CiDi SHEET'!E$1+1,FALSE),1) -> 1 | F3: =MID('IO SHEET'!$B$11,VLOOKUP($B3,PC_1,'CiDi SHEET'!F$1+1,FALSE),1) -> 0 | G3: =MID('IO SHEET'!$B$11,VLOOKUP($B3,PC_1,'CiDi SHEET'!G$1+1,FALSE),1) -> 0 | H3: =MID('IO SHEET'!$B$11,VLOOKUP($B3,PC_1,'CiDi SHEET'!H$1+1,FALSE),1) -> 0 | I3: =MID('IO SHEET'!$B$11,VLOOKUP($B3,PC_1,'CiDi SHEET'!I$1+1,FALSE),1) -> 0 | J3: =CONCATENATE(C3,D3,E3,F3,G3,H3,I3) -> 1110000
B4: 3 | C4: =MID('IO SHEET'!$B$11,VLOOKUP($B4,PC_1,'CiDi SHEET'!C$1+1,FALSE),1) -> 0 | D4: =MID('IO SHEET'!$B$11,VLOOKUP($B4,PC_1,'CiDi SHEET'!D$1+1,FALSE),1) -> 0 | E4: =MID('IO SHEET'!$B$11,VLOOKUP($B4,PC_1,'CiDi SHEET'!E$1+1,FALSE),1) -> 0 | F4: =MID('IO SHEET'!$B$11,VLOOKUP($B4,PC_1,'CiDi SHEET'!F$1+1,FALSE),1) -> 0 | G4: =MID('IO SHEET'!$B$11,VLOOKUP($B4,PC_1,'CiDi SHEET'!G$1+1,FALSE),1) -> 1 | H4: =MID('IO SHEET'!$B$11,VLOOKUP($B4,PC_1,'CiDi SHEET'!H$1+1,FALSE),1) -> 1 | I4: =MID('IO SHEET'!$B$11,VLOOKUP($B4,PC_1,'CiDi SHEET'!I$1+1,FALSE),1) -> 0 | J4: =CONCATENATE(C4,D4,E4,F4,G4,H4,I4) -> 0000110
B5: 4 | C5: =MID('IO SHEET'!$B$11,VLOOKUP($B5,PC_1,'CiDi SHEET'!C$1+1,FALSE),1) -> 0 | D5: =MID('IO SHEET'!$B$11,VLOOKUP($B5,PC_1,'CiDi SHEET'!D$1+1,FALSE),1) -> 1 | E5: =MID('IO SHEET'!$B$11,VLOOKUP($B5,PC_1,'CiDi SHEET'!E$1+1,FALSE),1) -> 1 | F5: =MID('IO SHEET'!$B$11,VLOOKUP($B5,PC_1,'CiDi SHEET'!F$1+1,FALSE),1) -> 1 | G5: =MID('IO SHEET'!$B$11,VLOOKUP($B5,PC_1,'CiDi SHEET'!G$1+1,FALSE),1) -> 0 | H5: =MID('IO SHEET'!$B$11,VLOOKUP($B5,PC_1,'CiDi SHEET'!H$1+1,FALSE),1) -> 1 | I5: =MID('IO SHEET'!$B$11,VLOOKUP($B5,PC_1,'CiDi SHEET'!I$1+1,FALSE),1) -> 0 | J5: =CONCATENATE(C5,D5,E5,F5,G5,H5,I5) -> 0111010
B6: 5 | C6: =MID('IO SHEET'!$B$11,VLOOKUP($B6,PC_1,'CiDi SHEET'!C$1+1,FALSE),1) -> 0 | D6: =MID('IO SHEET'!$B$11,VLOOKUP($B6,PC_1,'CiDi SHEET'!D$1+1,FALSE),1) -> 0 | E6: =MID('IO SHEET'!$B$11,VLOOKUP($B6,PC_1,'CiDi SHEET'!E$1+1,FALSE),1) -> 1 | F6: =MID('IO SHEET'!$B$11,VLOOKUP($B6,PC_1,'CiDi SHEET'!F$1+1,FALSE),1) -> 1 | G6: =MID('IO SHEET'!$B$11,VLOOKUP($B6,PC_1,'CiDi SHEET'!G$1+1,FALSE),1) -> 0 | H6: =MID('IO SHEET'!$B$11,VLOOKUP($B6,PC_1,'CiDi SHEET'!H$1+1,FALSE),1) -> 0 | I6: =MID('IO SHEET'!$B$11,VLOOKUP($B6,PC_1,'CiDi SHEET'!I$1+1,FALSE),1) -> 1 | J6: =CONCATENATE(C6,D6,E6,F6,G6,H6,I6) -> 0011001
B7: 6 | C7: =MID('IO SHEET'!$B$11,VLOOKUP($B7,PC_1,'CiDi SHEET'!C$1+1,FALSE),1) -> 1 | D7: =MID('IO SHEET'!$B$11,VLOOKUP($B7,PC_1,'CiDi SHEET'!D$1+1,FALSE),1) -> 1 | E7: =MID('IO SHEET'!$B$11,VLOOKUP($B7,PC_1,'CiDi SHEET'!E$1+1,FALSE),1) -> 1 | F7: =MID('IO SHEET'!$B$11,VLOOKUP($B7,PC_1,'CiDi SHEET'!F$1+1,FALSE),1) -> 1 | G7: =MID('IO SHEET'!$B$11,VLOOKUP($B7,PC_1,'CiDi SHEET'!G$1+1,FALSE),1) -> 1 | H7: =MID('IO SHEET'!$B$11,VLOOKUP($B7,PC_1,'CiDi SHEET'!H$1+1,FALSE),1) -> 0 | I7: =MID('IO SHEET'!$B$11,VLOOKUP($B7,PC_1,'CiDi SHEET'!I$1+1,FALSE),1) -> 0 | J7: =CONCATENATE(C7,D7,E7,F7,G7,H7,I7) -> 1111100
B8: 7 | C8: =MID('IO SHEET'!$B$11,VLOOKUP($B8,PC_1,'CiDi SHEET'!C$1+1,FALSE),1) -> 0 | D8: =MID('IO SHEET'!$B$11,VLOOKUP($B8,PC_1,'CiDi SHEET'!D$1+1,FALSE),1) -> 0 | E8: =MID('IO SHEET'!$B$11,VLOOKUP($B8,PC_1,'CiDi SHEET'!E$1+1,FALSE),1) -> 1 | F8: =MID('IO SHEET'!$B$11,VLOOKUP($B8,PC_1,'CiDi SHEET'!F$1+1,FALSE),1) -> 1 | G8: =MID('IO SHEET'!$B$11,VLOOKUP($B8,PC_1,'CiDi SHEET'!G$1+1,FALSE),1) -> 0 | H8: =MID('IO SHEET'!$B$11,VLOOKUP($B8,PC_1,'CiDi SHEET'!H$1+1,FALSE),1) -> 0 | I8: =MID('IO SHEET'!$B$11,VLOOKUP($B8,PC_1,'CiDi SHEET'!I$1+1,FALSE),1) -> 1 | J8: =CONCATENATE(C8,D8,E8,F8,G8,H8,I8) -> 0011001
B9: 8 | C9: =MID('IO SHEET'!$B$11,VLOOKUP($B9,PC_1,'CiDi SHEET'!C$1+1,FALSE),1) -> 1 | D9: =MID('IO SHEET'!$B$11,VLOOKUP($B9,PC_1,'CiDi SHEET'!D$1+1,FALSE),1) -> 1 | E9: =MID('IO SHEET'!$B$11,VLOOKUP($B9,PC_1,'CiDi SHEET'!E$1+1,FALSE),1) -> 1 | F9: =MID('IO SHEET'!$B$11,VLOOKUP($B9,PC_1,'CiDi SHEET'!F$1+1,FALSE),1) -> 1 | G9: =MID('IO SHEET'!$B$11,VLOOKUP($B9,PC_1,'CiDi SHEET'!G$1+1,FALSE),1) -> 0 | H9: =MID('IO SHEET'!$B$11,VLOOKUP($B9,PC_1,'CiDi SHEET'!H$1+1,FALSE),1) -> 1 | I9: =MID('IO SHEET'!$B$11,VLOOKUP($B9,PC_1,'CiDi SHEET'!I$1+1,FALSE),1) -> 0 | J9: =CONCATENATE(C9,D9,E9,F9,G9,H9,I9) -> 1111010
A10: K+str | C10: =CONCATENATE(J2,J3,J4,J5,J6,J7,J8,J9) -> 11000011110000000011001110100011001111110000110011111010
C11: =LEN(C10) -> 56
A12: ITERATION | B12: SHIFT | C12: Ci | K12: Di
A13: 0 | B13: 0 | C13: =CONCATENATE(J2,J3,J4,J5) -> 1100001111000000001100111010 | K13: =CONCATENATE(J6,J7,J8,J9) -> 0011001111110000110011111010
A14: 1 | B14: 1 | C14: =CONCATENATE(RIGHT(C13,(28-$B14)),LEFT(C13,$B14)) -> 1000011110000000011001110101 | K14: =CONCATENATE(RIGHT(K13,(28-$B14)),LEFT(K13,$B14)) -> 0110011111100001100111110100
A15: 2 | B15: 1 | C15: =CONCATENATE(RIGHT(C14,(28-$B15)),LEFT(C14,B15)) -> 0000111100000000110011101011 | K15: =CONCATENATE(RIGHT(K14,(28-$B15)),LEFT(K14,$B15)) -> 1100111111000011001111101000
A16: 3 | B16: 2 | C16: =CONCATENATE(RIGHT(C15,(28-$B16)),LEFT(C15,B16)) -> 0011110000000011001110101100 | K16: =CONCATENATE(RIGHT(K15,(28-$B16)),LEFT(K15,$B16)) -> 0011111100001100111110100011
A17: 4 | B17: 2 | C17: =CONCATENATE(RIGHT(C16,(28-$B17)),LEFT(C16,B17)) -> 1111000000001100111010110000 | K17: =CONCATENATE(RIGHT(K16,(28-$B17)),LEFT(K16,$B17)) -> 1111110000110011111010001100
A18: 5 | B18: 2 | C18: =CONCATENATE(RIGHT(C17,(28-$B18)),LEFT(C17,B18)) -> 1100000000110011101011000011 | K18: =CONCATENATE(RIGHT(K17,(28-$B18)),LEFT(K17,$B18)) -> 1111000011001111101000110011
A19: 6 | B19: 2 | C19: =CONCATENATE(RIGHT(C18,(28-$B19)),LEFT(C18,B19)) -> 0000000011001110101100001111 | K19: =CONCATENATE(RIGHT(K18,(28-$B19)),LEFT(K18,$B19)) -> 1100001100111110100011001111
A20: 7 | B20: 2 | C20: =CONCATENATE(RIGHT(C19,(28-$B20)),LEFT(C19,B20)) -> 0000001100111010110000111100 | K20: =CONCATENATE(RIGHT(K19,(28-$B20)),LEFT(K19,$B20)) -> 0000110011111010001100111111
A21: 8 | B21: 2 | C21: =CONCATENATE(RIGHT(C20,(28-$B21)),LEFT(C20,B21)) -> 0000110011101011000011110000 | K21: =CONCATENATE(RIGHT(K20,(28-$B21)),LEFT(K20,$B21)) -> 0011001111101000110011111100
A22: 9 | B22: 1 | C22: =CONCATENATE(RIGHT(C21,(28-$B22)),LEFT(C21,B22)) -> 0001100111010110000111100000 | K22: =CONCATENATE(RIGHT(K21,(28-$B22)),LEFT(K21,$B22)) -> 0110011111010001100111111000
A23: 10 | B23: 2 | C23: =CONCATENATE(RIGHT(C22,(28-$B23)),LEFT(C22,B23)) -> 0110011101011000011110000000 | K23: =CONCATENATE(RIGHT(K22,(28-$B23)),LEFT(K22,$B23)) -> 1001111101000110011111100001
A24: 11 | B24: 2 | C24: =CONCATENATE(RIGHT(C23,(28-$B24)),LEFT(C23,B24)) -> 1001110101100001111000000001 | K24: =CONCATENATE(RIGHT(K23,(28-$B24)),LEFT(K23,$B24)) -> 0111110100011001111110000110
A25: 12 | B25: 2 | C25: =CONCATENATE(RIGHT(C24,(28-$B25)),LEFT(C24,B25)) -> 0111010110000111100000000110 | K25: =CONCATENATE(RIGHT(K24,(28-$B25)),LEFT(K24,$B25)) -> 1111010001100111111000011001
A26: 13 | B26: 2 | C26: =CONCATENATE(RIGHT(C25,(28-$B26)),LEFT(C25,B26)) -> 1101011000011110000000011001 | K26: =CONCATENATE(RIGHT(K25,(28-$B26)),LEFT(K25,$B26)) -> 1101000110011111100001100111
... A28: 15 | B28: 2 | C28: =CONCATENATE(RIGHT(C27,(28-$B28)),LEFT(C27,B28)) -> 0110000111100000000110011101 | K28: =CONCATENATE(RIGHT(K27,(28-$B28)),LEFT(K27,$B28)) -> 0001100111111000011001111101
A29: 16 | B29: 1 | C29: =CONCATENATE(RIGHT(C28,(28-$B29)),LEFT(C28,B29)) -> 1100001111000000001100111010 | K29: =CONCATENATE(RIGHT(K28,(28-$B29)),LEFT(K28,$B29)) -> 0011001111110000110011111010 | S29: 1 | T29: =S29+4 -> 5 | U29: =T29+4 -> 9 | V29: =U29+4 -> 13 | W29: =V29+4 -> 17 | X29: =W29+4 -> 21 | Y29: =X29+4 -> 25 | Z29: =Y29+4 -> 29 | AA29: =Z29+4 -> 33 | ... AD29: =AC29+4 -> 45 | AE29: 49 | AF29: 53
A30: C0D0 | C30: =CONCATENATE(C13,K13) -> 11000011110000000011001110100011001111110000110011111010 | S30: =MID($C30,S$29,4) -> 1100 | T30: =MID($C30,T$29,4) -> 0011 | U30: =MID($C30,U$29,4) -> 1100 | V30: =MID($C30,V$29,4) -> 0000 | W30: =MID($C30,W$29,4) -> 0011 | X30: =MID($C30,X$29,4) -> 0011 | Y30: =MID($C30,Y$29,4) -> 1010 | Z30: =MID($C30,Z$29,4) -> 0011 | ... AF30: =MID($C30,AF$29,4) -> 1010 | AG30: =BIN2HEX(S30) -> C | AH30: =BIN2HEX(T30) -> 3 | AI30: =BIN2HEX(U30) -> C | AJ30: =BIN2HEX(V30) -> 0 | AK30: =BIN2HEX(W30) -> 3 | AL30: =BIN2HEX(X30) -> 3 | AM30: =BIN2HEX(Y30) -> A | AN30: =BIN2HEX(Z30) -> 3 | ... AT30: =BIN2HEX(AF30) -> A
A31: C1D1 | C31: =CONCATENATE(C14,K14) -> 10000111100000000110011101010110011111100001100111110100 | S31: =MID($C31,S$29,4) -> 1000 | T31: =MID($C31,T$29,4) -> 0111 | U31: =MID($C31,U$29,4) -> 1000 | V31: =MID($C31,V$29,4) -> 0000 | W31: =MID($C31,W$29,4) -> 0110 | X31: =MID($C31,X$29,4) -> 0111 | Y31: =MID($C31,Y$29,4) -> 0101 | Z31: =MID($C31,Z$29,4) -> 0110 | ... AF31: =MID($C31,AF$29,4) -> 0100 | AG31: =BIN2HEX(S31) -> 8 | AH31: =BIN2HEX(T31) -> 7 | AI31: =BIN2HEX(U31) -> 8 | AJ31: =BIN2HEX(V31) -> 0 | AK31: =BIN2HEX(W31) -> 6 | AL31: =BIN2HEX(X31) -> 7 | AM31: =BIN2HEX(Y31) -> 5 | AN31: =BIN2HEX(Z31) -> 6 | ... AT31: =BIN2HEX(AF31) -> 4
A32: C2D2 | C32: =CONCATENATE(C15,K15) -> 00001111000000001100111010111100111111000011001111101000 | S32: =MID($C32,S$29,4) -> 0000 | T32: =MID($C32,T$29,4) -> 1111 | U32: =MID($C32,U$29,4) -> 0000 | V32: =MID($C32,V$29,4) -> 0000 | W32: =MID($C32,W$29,4) -> 1100 | X32: =MID($C32,X$29,4) -> 1110 | Y32: =MID($C32,Y$29,4) -> 1011 | Z32: =MID($C32,Z$29,4) -> 1100 | ... AF32: =MID($C32,AF$29,4) -> 1000 | AG32: =BIN2HEX(S32) -> 0 | AH32: =BIN2HEX(T32) -> F | AI32: =BIN2HEX(U32) -> 0 | AJ32: =BIN2HEX(V32) -> 0 | AK32: =BIN2HEX(W32) -> C | AL32: =BIN2HEX(X32) -> E | AM32: =BIN2HEX(Y32) -> B | AN32: =BIN2HEX(Z32) -> C | ... AT32: =BIN2HEX(AF32) -> 8
A33: C3D3 | C33: =CONCATENATE(C16,K16) -> 00111100000000110011101011000011111100001100111110100011 | S33: =MID($C33,S$29,4) -> 0011 | T33: =MID($C33,T$29,4) -> 1100 | U33: =MID($C33,U$29,4) -> 0000 | V33: =MID($C33,V$29,4) -> 0011 | W33: =MID($C33,W$29,4) -> 0011 | X33: =MID($C33,X$29,4) -> 1010 | Y33: =MID($C33,Y$29,4) -> 1100 | Z33: =MID($C33,Z$29,4) -> 0011 | ... AF33: =MID($C33,AF$29,4) -> 0011 | AG33: =BIN2HEX(S33) -> 3 | AH33: =BIN2HEX(T33) -> C | AI33: =BIN2HEX(U33) -> 0 | AJ33: =BIN2HEX(V33) -> 3 | AK33: =BIN2HEX(W33) -> 3 | AL33: =BIN2HEX(X33) -> A | AM33: =BIN2HEX(Y33) -> C | AN33: =BIN2HEX(Z33) -> 3 | ... AT33: =BIN2HEX(AF33) -> 3
A34: C4D4 | C34: =CONCATENATE(C17,K17) -> 11110000000011001110101100001111110000110011111010001100 | S34: =MID($C34,S$29,4) -> 1111 | T34: =MID($C34,T$29,4) -> 0000 | U34: =MID($C34,U$29,4) -> 0000 | V34: =MID($C34,V$29,4) -> 1100 | W34: =MID($C34,W$29,4) -> 1110 | X34: =MID($C34,X$29,4) -> 1011 | Y34: =MID($C34,Y$29,4) -> 0000 | Z34: =MID($C34,Z$29,4) -> 1111 | ... AF34: =MID($C34,AF$29,4) -> 1100 | AG34: =BIN2HEX(S34) -> F | AH34: =BIN2HEX(T34) -> 0 | AI34: =BIN2HEX(U34) -> 0 | AJ34: =BIN2HEX(V34) -> C | AK34: =BIN2HEX(W34) -> E | AL34: =BIN2HEX(X34) -> B | AM34: =BIN2HEX(Y34) -> 0 | AN34: =BIN2HEX(Z34) -> F | ... AT34: =BIN2HEX(AF34) -> C
A35: C5D5 | C35: =CONCATENATE(C18,K18) -> 11000000001100111010110000111111000011001111101000110011 | S35: =MID($C35,S$29,4) -> 1100 | T35: =MID($C35,T$29,4) -> 0000 | U35: =MID($C35,U$29,4) -> 0011 | V35: =MID($C35,V$29,4) -> 0011 | W35: =MID($C35,W$29,4) -> 1010 | X35: =MID($C35,X$29,4) -> 1100 | Y35: =MID($C35,Y$29,4) -> 0011 | Z35: =MID($C35,Z$29,4) -> 1111 | ... AF35: =MID($C35,AF$29,4) -> 0011 | AG35: =BIN2HEX(S35) -> C | AH35: =BIN2HEX(T35) -> 0 | AI35: =BIN2HEX(U35) -> 3 | AJ35: =BIN2HEX(V35) -> 3 | AK35: =BIN2HEX(W35) -> A | AL35: =BIN2HEX(X35) -> C | AM35: =BIN2HEX(Y35) -> 3 | AN35: =BIN2HEX(Z35) -> F | ... AT35: =BIN2HEX(AF35) -> 3
A36: C6D6 | C36: =CONCATENATE(C19,K19) -> 00000000110011101011000011111100001100111110100011001111 | S36: =MID($C36,S$29,4) -> 0000 | T36: =MID($C36,T$29,4) -> 0000 | U36: =MID($C36,U$29,4) -> 1100 | V36: =MID($C36,V$29,4) -> 1110 | W36: =MID($C36,W$29,4) -> 1011 | X36: =MID($C36,X$29,4) -> 0000 | Y36: =MID($C36,Y$29,4) -> 1111 | Z36: =MID($C36,Z$29,4) -> 1100 | ... AF36: =MID($C36,AF$29,4) -> 1111 | AG36: =BIN2HEX(S36) -> 0 | AH36: =BIN2HEX(T36) -> 0 | AI36: =BIN2HEX(U36) -> C | AJ36: =BIN2HEX(V36) -> E | AK36: =BIN2HEX(W36) -> B | AL36: =BIN2HEX(X36) -> 0 | AM36: =BIN2HEX(Y36) -> F | AN36: =BIN2HEX(Z36) -> C | ... AT36: =BIN2HEX(AF36) -> F
A37: C7D7 | C37: =CONCATENATE(C20,K20) -> 00000011001110101100001111000000110011111010001100111111 | S37: =MID($C37,S$29,4) -> 0000 | T37: =MID($C37,T$29,4) -> 0011 | U37: =MID($C37,U$29,4) -> 0011 | V37: =MID($C37,V$29,4) -> 1010 | W37: =MID($C37,W$29,4) -> 1100 | X37: =MID($C37,X$29,4) -> 0011 | Y37: =MID($C37,Y$29,4) -> 1100 | Z37: =MID($C37,Z$29,4) -> 0000 | ... AF37: =MID($C37,AF$29,4) -> 1111 | AG37: =BIN2HEX(S37) -> 0 | AH37: =BIN2HEX(T37) -> 3 | AI37: =BIN2HEX(U37) -> 3 | AJ37: =BIN2HEX(V37) -> A | AK37: =BIN2HEX(W37) -> C | AL37: =BIN2HEX(X37) -> 3 | AM37: =BIN2HEX(Y37) -> C | AN37: =BIN2HEX(Z37) -> 0 | ... AT37: =BIN2HEX(AF37) -> F
A38: C8D8 | C38: =CONCATENATE(C21,K21) -> 00001100111010110000111100000011001111101000110011111100 | S38: =MID($C38,S$29,4) -> 0000 | T38: =MID($C38,T$29,4) -> 1100 | U38: =MID($C38,U$29,4) -> 1110 | V38: =MID($C38,V$29,4) -> 1011 | W38: =MID($C38,W$29,4) -> 0000 | X38: =MID($C38,X$29,4) -> 1111 | Y38: =MID($C38,Y$29,4) -> 0000 | Z38: =MID($C38,Z$29,4) -> 0011 | ... AF38: =MID($C38,AF$29,4) -> 1100 | AG38: =BIN2HEX(S38) -> 0 | AH38: =BIN2HEX(T38) -> C | AI38: =BIN2HEX(U38) -> E | AJ38: =BIN2HEX(V38) -> B | AK38: =BIN2HEX(W38) -> 0 | AL38: =BIN2HEX(X38) -> F | AM38: =BIN2HEX(Y38) -> 0 | AN38: =BIN2HEX(Z38) -> 3 | ... AT38: =BIN2HEX(AF38) -> C
A39: C9D9 | C39: =CONCATENATE(C22,K22) -> 00011001110101100001111000000110011111010001100111111000 | S39: =MID($C39,S$29,4) -> 0001 | T39: =MID($C39,T$29,4) -> 1001 | U39: =MID($C39,U$29,4) -> 1101 | V39: =MID($C39,V$29,4) -> 0110 | W39: =MID($C39,W$29,4) -> 0001 | X39: =MID($C39,X$29,4) -> 1110 | Y39: =MID($C39,Y$29,4) -> 0000 | Z39: =MID($C39,Z$29,4) -> 0110 | ... AF39: =MID($C39,AF$29,4) -> 1000 | AG39: =BIN2HEX(S39) -> 1 | AH39: =BIN2HEX(T39) -> 9 | AI39: =BIN2HEX(U39) -> D | AJ39: =BIN2HEX(V39) -> 6 | AK39: =BIN2HEX(W39) -> 1 | AL39: =BIN2HEX(X39) -> E | AM39: =BIN2HEX(Y39) -> 0 | AN39: =BIN2HEX(Z39) -> 6 | ... AT39: =BIN2HEX(AF39) -> 8
A40: C10D10 | C40: =CONCATENATE(C23,K23) -> 01100111010110000111100000001001111101000110011111100001 | S40: =MID($C40,S$29,4) -> 0110 | T40: =MID($C40,T$29,4) -> 0111 | U40: =MID($C40,U$29,4) -> 0101 | V40: =MID($C40,V$29,4) -> 1000 | W40: =MID($C40,W$29,4) -> 0111 | X40: =MID($C40,X$29,4) -> 1000 | Y40: =MID($C40,Y$29,4) -> 0000 | Z40: =MID($C40,Z$29,4) -> 1001 | ... AF40: =MID($C40,AF$29,4) -> 0001 | AG40: =BIN2HEX(S40) -> 6 | AH40: =BIN2HEX(T40) -> 7 | AI40: =BIN2HEX(U40) -> 5 | AJ40: =BIN2HEX(V40) -> 8 | AK40: =BIN2HEX(W40) -> 7 | AL40: =BIN2HEX(X40) -> 8 | AM40: =BIN2HEX(Y40) -> 0 | AN40: =BIN2HEX(Z40) -> 9 | ... AT40: =BIN2HEX(AF40) -> 1
A41: C11D11 | C41: =CONCATENATE(C24,K24) -> 10011101011000011110000000010111110100011001111110000110 | S41: =MID($C41,S$29,4) -> 1001 | T41: =MID($C41,T$29,4) -> 1101 | U41: =MID($C41,U$29,4) -> 0110 | V41: =MID($C41,V$29,4) -> 0001 | W41: =MID($C41,W$29,4) -> 1110 | X41: =MID($C41,X$29,4) -> 0000 | Y41: =MID($C41,Y$29,4) -> 0001 | Z41: =MID($C41,Z$29,4) -> 0111 | ... AF41: =MID($C41,AF$29,4) -> 0110 | AG41: =BIN2HEX(S41) -> 9 | AH41: =BIN2HEX(T41) -> D | AI41: =BIN2HEX(U41) -> 6 | AJ41: =BIN2HEX(V41) -> 1 | AK41: =BIN2HEX(W41) -> E | AL41: =BIN2HEX(X41) -> 0 | AM41: =BIN2HEX(Y41) -> 1 | AN41: =BIN2HEX(Z41) -> 7 | ... AT41: =BIN2HEX(AF41) -> 6
... A46: C16D16 | C46: =CONCATENATE(C29,K29) -> 11000011110000000011001110100011001111110000110011111010 | S46: =MID($C46,S$29,4) -> 1100 | T46: =MID($C46,T$29,4) -> 0011 | U46: =MID($C46,U$29,4) -> 1100 | V46: =MID($C46,V$29,4) -> 0000 | W46: =MID($C46,W$29,4) -> 0011 | X46: =MID($C46,X$29,4) -> 0011 | Y46: =MID($C46,Y$29,4) -> 1010 | Z46: =MID($C46,Z$29,4) -> 0011 | ... AF46: =MID($C46,AF$29,4) -> 1010 | AG46: =BIN2HEX(S46) -> C | AH46: =BIN2HEX(T46) -> 3 | AI46: =BIN2HEX(U46) -> C | AJ46: =BIN2HEX(V46) -> 0 | AK46: =BIN2HEX(W46) -> 3 | AL46: =BIN2HEX(X46) -> 3 | AM46: =BIN2HEX(Y46) -> A | AN46: =BIN2HEX(Z46) -> 3 | ... AT46: =BIN2HEX(AF46) -> A

Sheet Kn
C1: 1 | D1: 2 | E1: 3 | F1: 4 | G1: 5 | H1: 6 | I1: CONCATENATED | N1: Kn | O1: String | AA1: 1 | AB1: =AA1+4 -> 5 | AC1: =AB1+4 -> 9 | AD1: =AC1+4 -> 13 | AE1: =AD1+4 -> 17 | AF1: =AE1+4 -> 21 | AG1: =AF1+4 -> 25 | AH1: =AG1+4 -> 29 | AI1: =AH1+4 -> 33 | ... AL1: =AK1+4 -> 45
A2: K1 | B2: 1 | C2: =MID('CiDi SHEET'!$C$31,VLOOKUP($B2,PC_2,C$1+1,FALSE),1) -> 0 | D2: =MID('CiDi SHEET'!$C$31,VLOOKUP($B2,PC_2,D$1+1,FALSE),1) -> 0 | E2: =MID('CiDi SHEET'!$C$31,VLOOKUP($B2,PC_2,E$1+1,FALSE),1) -> 0 | F2: =MID('CiDi SHEET'!$C$31,VLOOKUP($B2,PC_2,F$1+1,FALSE),1) -> 1 | G2: =MID('CiDi SHEET'!$C$31,VLOOKUP($B2,PC_2,G$1+1,FALSE),1) -> 1 | H2: =MID('CiDi SHEET'!$C$31,VLOOKUP($B2,PC_2,H$1+1,FALSE),1) -> 0 | I2: =CONCATENATE(C2,D2,E2,F2,G2,H2) -> 000110 | N2: K1 | O2: =B10 -> 000110010100110011010000011100101101111010001100 | AA2: =MID($O2,AA$1,4) -> 0001 | AB2: =MID($O2,AB$1,4) -> 1001 | AC2: =MID($O2,AC$1,4) -> 0100 | AD2: =MID($O2,AD$1,4) -> 1100 | AE2: =MID($O2,AE$1,4) -> 1101 | AF2: =MID($O2,AF$1,4) -> 0000 | AG2: =MID($O2,AG$1,4) -> 0111 | AH2: =MID($O2,AH$1,4) -> 0010 | ... AL2: =MID($O2,AL$1,4) -> 1100 | AM2: =BIN2HEX(AA2) -> 1 | AN2: =BIN2HEX(AB2) -> 9 | AO2: =BIN2HEX(AC2) -> 4 | AP2: =BIN2HEX(AD2) -> C | AQ2: =BIN2HEX(AE2) -> D | AR2: =BIN2HEX(AF2) -> 0 | AS2: =BIN2HEX(AG2) -> 7 | AT2: =BIN2HEX(AH2) -> 2 | ... AX2: =BIN2HEX(AL2) -> C
B3: 2 | C3: =MID('CiDi SHEET'!$C$31,VLOOKUP($B3,PC_2,C$1+1,FALSE),1) -> 0 | D3: =MID('CiDi SHEET'!$C$31,VLOOKUP($B3,PC_2,D$1+1,FALSE),1) -> 1 | E3: =MID('CiDi SHEET'!$C$31,VLOOKUP($B3,PC_2,E$1+1,FALSE),1) -> 0 | F3: =MID('CiDi SHEET'!$C$31,VLOOKUP($B3,PC_2,F$1+1,FALSE),1) -> 1 | G3: =MID('CiDi SHEET'!$C$31,VLOOKUP($B3,PC_2,G$1+1,FALSE),1) -> 0 | H3: =MID('CiDi SHEET'!$C$31,VLOOKUP($B3,PC_2,H$1+1,FALSE),1) -> 0 | I3: =CONCATENATE(C3,D3,E3,F3,G3,H3) -> 010100 | N3: K2 | O3: =B19 -> 010001010110100001011000000110101011110011001110 | AA3: =MID($O3,AA$1,4) -> 0100 | AB3: =MID($O3,AB$1,4) -> 0101 | AC3: =MID($O3,AC$1,4) -> 0110 | AD3: =MID($O3,AD$1,4) -> 1000 | AE3: =MID($O3,AE$1,4) -> 0101 | AF3: =MID($O3,AF$1,4) -> 1000 | AG3: =MID($O3,AG$1,4) -> 0001 | AH3: =MID($O3,AH$1,4) -> 1010 | ... AL3: =MID($O3,AL$1,4) -> 1110 | AM3: =BIN2HEX(AA3) -> 4 | AN3: =BIN2HEX(AB3) -> 5 | AO3: =BIN2HEX(AC3) -> 6 | AP3: =BIN2HEX(AD3) -> 8 | AQ3: =BIN2HEX(AE3) -> 5 | AR3: =BIN2HEX(AF3) -> 8 | AS3: =BIN2HEX(AG3) -> 1 | AT3: =BIN2HEX(AH3) -> A | ... AX3: =BIN2HEX(AL3) -> E
B4: 3 | C4: =MID('CiDi SHEET'!$C$31,VLOOKUP($B4,PC_2,C$1+1,FALSE),1) -> 1 | D4: =MID('CiDi SHEET'!$C$31,VLOOKUP($B4,PC_2,D$1+1,FALSE),1) -> 1 | E4: =MID('CiDi SHEET'!$C$31,VLOOKUP($B4,PC_2,E$1+1,FALSE),1) -> 0 | F4: =MID('CiDi SHEET'!$C$31,VLOOKUP($B4,PC_2,F$1+1,FALSE),1) -> 0 | G4: =MID('CiDi SHEET'!$C$31,VLOOKUP($B4,PC_2,G$1+1,FALSE),1) -> 1 | H4: =MID('CiDi SHEET'!$C$31,VLOOKUP($B4,PC_2,H$1+1,FALSE),1) -> 1 | I4: =CONCATENATE(C4,D4,E4,F4,G4,H4) -> 110011 | N4: K3 | O4: =B28 -> 000001101110110110100100101011001111010110110101 | AA4: =MID($O4,AA$1,4) -> 0000 | AB4: =MID($O4,AB$1,4) -> 0110 | AC4: =MID($O4,AC$1,4) -> 1110 | AD4: =MID($O4,AD$1,4) -> 1101 | AE4: =MID($O4,AE$1,4) -> 1010 | AF4: =MID($O4,AF$1,4) -> 0100 | AG4: =MID($O4,AG$1,4) -> 1010 | AH4: =MID($O4,AH$1,4) -> 1100 | ... AL4: =MID($O4,AL$1,4) -> 0101 | AM4: =BIN2HEX(AA4) -> 0 | AN4: =BIN2HEX(AB4) -> 6 | AO4: =BIN2HEX(AC4) -> E | AP4: =BIN2HEX(AD4) -> D | AQ4: =BIN2HEX(AE4) -> A | AR4: =BIN2HEX(AF4) -> 4 | AS4: =BIN2HEX(AG4) -> A | AT4: =BIN2HEX(AH4) -> C | ... AX4: =BIN2HEX(AL4) -> 5
B5: 4 | C5: =MID('CiDi SHEET'!$C$31,VLOOKUP($B5,PC_2,C$1+1,FALSE),1) -> 0 | D5: =MID('CiDi SHEET'!$C$31,VLOOKUP($B5,PC_2,D$1+1,FALSE),1) -> 1 | E5: =MID('CiDi SHEET'!$C$31,VLOOKUP($B5,PC_2,E$1+1,FALSE),1) -> 0 | F5: =MID('CiDi SHEET'!$C$31,VLOOKUP($B5,PC_2,F$1+1,FALSE),1) -> 0 | G5: =MID('CiDi SHEET'!$C$31,VLOOKUP($B5,PC_2,G$1+1,FALSE),1) -> 0 | H5: =MID('CiDi SHEET'!$C$31,VLOOKUP($B5,PC_2,H$1+1,FALSE),1) -> 0 | I5: =CONCATENATE(C5,D5,E5,F5,G5,H5) -> 010000 | N5: K4 | O5: =B37 -> 110110100010110100000011001010110110111011100011 | AA5: =MID($O5,AA$1,4) -> 1101 | AB5: =MID($O5,AB$1,4) -> 1010 | AC5: =MID($O5,AC$1,4) -> 0010 | AD5: =MID($O5,AD$1,4) -> 1101 | AE5: =MID($O5,AE$1,4) -> 0000 | AF5: =MID($O5,AF$1,4) -> 0011 | AG5: =MID($O5,AG$1,4) -> 0010 | AH5: =MID($O5,AH$1,4) -> 1011 | ... AL5: =MID($O5,AL$1,4) -> 0011 | AM5: =BIN2HEX(AA5) -> D | AN5: =BIN2HEX(AB5) -> A | AO5: =BIN2HEX(AC5) -> 2 | AP5: =BIN2HEX(AD5) -> D | AQ5: =BIN2HEX(AE5) -> 0 | AR5: =BIN2HEX(AF5) -> 3 | AS5: =BIN2HEX(AG5) -> 2 | AT5: =BIN2HEX(AH5) -> B | ... AX5: =BIN2HEX(AL5) -> 3
B6: 5 | C6: =MID('CiDi SHEET'!$C$31,VLOOKUP($B6,PC_2,C$1+1,FALSE),1) -> 0 | D6: =MID('CiDi SHEET'!$C$31,VLOOKUP($B6,PC_2,D$1+1,FALSE),1) -> 1 | E6: =MID('CiDi SHEET'!$C$31,VLOOKUP($B6,PC_2,E$1+1,FALSE),1) -> 1 | F6: =MID('CiDi SHEET'!$C$31,VLOOKUP($B6,PC_2,F$1+1,FALSE),1) -> 1 | G6: =MID('CiDi SHEET'!$C$31,VLOOKUP($B6,PC_2,G$1+1,FALSE),1) -> 0 | H6: =MID('CiDi SHEET'!$C$31,VLOOKUP($B6,PC_2,H$1+1,FALSE),1) -> 0 | I6: =CONCATENATE(C6,D6,E6,F6,G6,H6) -> 011100 | N6: K5 | O6: =B46 -> 011010011010011000101001111111101100100100010011 | AA6: =MID($O6,AA$1,4) -> 0110 | AB6: =MID($O6,AB$1,4) -> 1001 | AC6: =MID($O6,AC$1,4) -> 1010 | AD6: =MID($O6,AD$1,4) -> 0110 | AE6: =MID($O6,AE$1,4) -> 0010 | AF6: =MID($O6,AF$1,4) -> 1001 | AG6: =MID($O6,AG$1,4) -> 1111 | AH6: =MID($O6,AH$1,4) -> 1110 | ... AL6: =MID($O6,AL$1,4) -> 0011 | AM6: =BIN2HEX(AA6) -> 6 | AN6: =BIN2HEX(AB6) -> 9 | AO6: =BIN2HEX(AC6) -> A | AP6: =BIN2HEX(AD6) -> 6 | AQ6: =BIN2HEX(AE6) -> 2 | AR6: =BIN2HEX(AF6) -> 9 | AS6: =BIN2HEX(AG6) -> F | AT6: =BIN2HEX(AH6) -> E | ... AX6: =BIN2HEX(AL6) -> 3
B7: 6 | C7: =MID('CiDi SHEET'!$C$31,VLOOKUP($B7,PC_2,C$1+1,FALSE),1) -> 1 | D7: =MID('CiDi SHEET'!$C$31,VLOOKUP($B7,PC_2,D$1+1,FALSE),1) -> 0 | E7: =MID('CiDi SHEET'!$C$31,VLOOKUP($B7,PC_2,E$1+1,FALSE),1) -> 1 | F7: =MID('CiDi SHEET'!$C$31,VLOOKUP($B7,PC_2,F$1+1,FALSE),1) -> 1 | G7: =MID('CiDi SHEET'!$C$31,VLOOKUP($B7,PC_2,G$1+1,FALSE),1) -> 0 | H7: =MID('CiDi SHEET'!$C$31,VLOOKUP($B7,PC_2,H$1+1,FALSE),1) -> 1 | I7: =CONCATENATE(C7,D7,E7,F7,G7,H7) -> 101101 | N7: K6 | O7: =B55 -> 110000011001010010001110100001110100011101011110 | AA7: =MID($O7,AA$1,4) -> 1100 | AB7: =MID($O7,AB$1,4) -> 0001 | AC7: =MID($O7,AC$1,4) -> 1001 | AD7: =MID($O7,AD$1,4) -> 0100 | AE7: =MID($O7,AE$1,4) -> 1000 | AF7: =MID($O7,AF$1,4) -> 1110 | AG7: =MID($O7,AG$1,4) -> 1000 | AH7: =MID($O7,AH$1,4) -> 0111 | ... AL7: =MID($O7,AL$1,4) -> 1110 | AM7: =BIN2HEX(AA7) -> C | AN7: =BIN2HEX(AB7) -> 1 | AO7: =BIN2HEX(AC7) -> 9 | AP7: =BIN2HEX(AD7) -> 4 | AQ7: =BIN2HEX(AE7) -> 8 | AR7: =BIN2HEX(AF7) -> E | AS7: =BIN2HEX(AG7) -> 8 | AT7: =BIN2HEX(AH7) -> 7 | ... AX7: =BIN2HEX(AL7) -> E
B8: 7 | C8: =MID('CiDi SHEET'!$C$31,VLOOKUP($B8,PC_2,C$1+1,FALSE),1) -> 1 | D8: =MID('CiDi SHEET'!$C$31,VLOOKUP($B8,PC_2,D$1+1,FALSE),1) -> 1 | E8: =MID('CiDi SHEET'!$C$31,VLOOKUP($B8,PC_2,E$1+1,FALSE),1) -> 1 | F8: =MID('CiDi SHEET'!$C$31,VLOOKUP($B8,PC_2,F$1+1,FALSE),1) -> 0 | G8: =MID('CiDi SHEET'!$C$31,VLOOKUP($B8,PC_2,G$1+1,FALSE),1) -> 1 | H8: =MID('CiDi SHEET'!$C$31,VLOOKUP($B8,PC_2,H$1+1,FALSE),1) -> 0 | I8: =CONCATENATE(C8,D8,E8,F8,G8,H8) -> 111010 | N8: K7 | O8: =B64 -> 011100001000101011010010110111011011001111000000 | AA8: =MID($O8,AA$1,4) -> 0111 | AB8: =MID($O8,AB$1,4) -> 0000 | AC8: =MID($O8,AC$1,4) -> 1000 | AD8: =MID($O8,AD$1,4) -> 1010 | AE8: =MID($O8,AE$1,4) -> 1101 | AF8: =MID($O8,AF$1,4) -> 0010 | AG8: =MID($O8,AG$1,4) -> 1101 | AH8: =MID($O8,AH$1,4) -> 1101 | ... AL8: =MID($O8,AL$1,4) -> 0000 | AM8: =BIN2HEX(AA8) -> 7 | AN8: =BIN2HEX(AB8) -> 0 | AO8: =BIN2HEX(AC8) -> 8 | AP8: =BIN2HEX(AD8) -> A | AQ8: =BIN2HEX(AE8) -> D | AR8: =BIN2HEX(AF8) -> 2 | AS8: =BIN2HEX(AG8) -> D | AT8: =BIN2HEX(AH8) -> D | ... AX8: =BIN2HEX(AL8) -> 0
B9: 8 | C9: =MID('CiDi SHEET'!$C$31,VLOOKUP($B9,PC_2,C$1+1,FALSE),1) -> 0 | D9: =MID('CiDi SHEET'!$C$31,VLOOKUP($B9,PC_2,D$1+1,FALSE),1) -> 0 | E9: =MID('CiDi SHEET'!$C$31,VLOOKUP($B9,PC_2,E$1+1,FALSE),1) -> 1 | F9: =MID('CiDi SHEET'!$C$31,VLOOKUP($B9,PC_2,F$1+1,FALSE),1) -> 1 | G9: =MID('CiDi SHEET'!$C$31,VLOOKUP($B9,PC_2,G$1+1,FALSE),1) -> 0 | H9: =MID('CiDi SHEET'!$C$31,VLOOKUP($B9,PC_2,H$1+1,FALSE),1) -> 0 | I9: =CONCATENATE(C9,D9,E9,F9,G9,H9) -> 001100 | N9: K8 | O9: =B73 -> 001101001111100000100010111100001100011001101101 | AA9: =MID($O9,AA$1,4) -> 0011 | AB9: =MID($O9,AB$1,4) -> 0100 | AC9: =MID($O9,AC$1,4) -> 1111 | AD9: =MID($O9,AD$1,4) -> 1000 | AE9: =MID($O9,AE$1,4) -> 0010 | AF9: =MID($O9,AF$1,4) -> 0010 | AG9: =MID($O9,AG$1,4) -> 1111 | AH9: =MID($O9,AH$1,4) -> 0000 | ... AL9: =MID($O9,AL$1,4) -> 1101 | AM9: =BIN2HEX(AA9) -> 3 | AN9: =BIN2HEX(AB9) -> 4 | AO9: =BIN2HEX(AC9) -> F | AP9: =BIN2HEX(AD9) -> 8 | AQ9: =BIN2HEX(AE9) -> 2 | AR9: =BIN2HEX(AF9) -> 2 | AS9: =BIN2HEX(AG9) -> F | AT9: =BIN2HEX(AH9) -> 0 | ... AX9: =BIN2HEX(AL9) -> D
A10: K1 | B10: =CONCATENATE(I2,I3,I4,I5,I6,I7,I8,I9) -> 000110010100110011010000011100101101111010001100 | N10: K9 | O10: =B82 -> 100001001011101101000100011100111101110011001100 | AA10: =MID($O10,AA$1,4) -> 1000 | AB10: =MID($O10,AB$1,4) -> 0100 | AC10: =MID($O10,AC$1,4) -> 1011 | AD10: =MID($O10,AD$1,4) -> 1011 | AE10: =MID($O10,AE$1,4) -> 0100 | AF10: =MID($O10,AF$1,4) -> 0100 | AG10: =MID($O10,AG$1,4) -> 0111 | AH10: =MID($O10,AH$1,4) -> 0011 | ... AL10: =MID($O10,AL$1,4) -> 1100 | AM10: =BIN2HEX(AA10) -> 8 | AN10: =BIN2HEX(AB10) -> 4 | AO10: =BIN2HEX(AC10) -> B | AP10: =BIN2HEX(AD10) -> B | AQ10: =BIN2HEX(AE10) -> 4 | AR10: =BIN2HEX(AF10) -> 4 | AS10: =BIN2HEX(AG10) -> 7 | AT10: =BIN2HEX(AH10) -> 3 | ... AX10: =BIN2HEX(AL10) -> C
A11: K2 | B11: 1 | C11: =MID('CiDi SHEET'!$C$32,VLOOKUP($B11,PC_2,C$1+1,FALSE),1) -> 0 | D11: =MID('CiDi SHEET'!$C$32,VLOOKUP($B11,PC_2,D$1+1,FALSE),1) -> 1 | E11: =MID('CiDi SHEET'!$C$32,VLOOKUP($B11,PC_2,E$1+1,FALSE),1) -> 0 | F11: =MID('CiDi SHEET'!$C$32,VLOOKUP($B11,PC_2,F$1+1,FALSE),1) -> 0 | G11: =MID('CiDi SHEET'!$C$32,VLOOKUP($B11,PC_2,G$1+1,FALSE),1) -> 0 | H11: =MID('CiDi SHEET'!$C$32,VLOOKUP($B11,PC_2,H$1+1,FALSE),1) -> 1 | I11: =CONCATENATE(C11,D11,E11,F11,G11,H11) -> 010001 | N11: K10 | O11: =B91 -> 000000100111011001010111000010001011010110111111 | AA11: =MID($O11,AA$1,4) -> 0000 | AB11: =MID($O11,AB$1,4) -> 0010 | AC11: =MID($O11,AC$1,4) -> 0111 | AD11: =MID($O11,AD$1,4) -> 0110 | AE11: =MID($O11,AE$1,4) -> 0101 | AF11: =MID($O11,AF$1,4) -> 0111 | AG11: =MID($O11,AG$1,4) -> 0000 | AH11: =MID($O11,AH$1,4) -> 1000 | ... AL11: =MID($O11,AL$1,4) -> 1111 | AM11: =BIN2HEX(AA11) -> 0 | AN11: =BIN2HEX(AB11) -> 2 | AO11: =BIN2HEX(AC11) -> 7 | AP11: =BIN2HEX(AD11) -> 6 | AQ11: =BIN2HEX(AE11) -> 5 | AR11: =BIN2HEX(AF11) -> 7 | AS11: =BIN2HEX(AG11) -> 0 | AT11: =BIN2HEX(AH11) -> 8 | ... AX11: =BIN2HEX(AL11) -> F
B12: 2 | C12: =MID('CiDi SHEET'!$C$32,VLOOKUP($B12,PC_2,C$1+1,FALSE),1) -> 0 | D12: =MID('CiDi SHEET'!$C$32,VLOOKUP($B12,PC_2,D$1+1,FALSE),1) -> 1 | E12: =MID('CiDi SHEET'!$C$32,VLOOKUP($B12,PC_2,E$1+1,FALSE),1) -> 0 | F12: =MID('CiDi SHEET'!$C$32,VLOOKUP($B12,PC_2,F$1+1,FALSE),1) -> 1 | G12: =MID('CiDi SHEET'!$C$32,VLOOKUP($B12,PC_2,G$1+1,FALSE),1) -> 1 | H12: =MID('CiDi SHEET'!$C$32,VLOOKUP($B12,PC_2,H$1+1,FALSE),1) -> 0 | I12: =CONCATENATE(C12,D12,E12,F12,G12,H12) -> 010110 | N12: K11 | O12: =B100 -> 011011010101010101100000101011110111110010100101 | AA12: =MID($O12,AA$1,4) -> 0110 | AB12: =MID($O12,AB$1,4) -> 1101 | AC12: =MID($O12,AC$1,4) -> 0101 | AD12: =MID($O12,AD$1,4) -> 0101 | AE12: =MID($O12,AE$1,4) -> 0110 | AF12: =MID($O12,AF$1,4) -> 0000 | AG12: =MID($O12,AG$1,4) -> 1010 | AH12: =MID($O12,AH$1,4) -> 1111 | ... AL12: =MID($O12,AL$1,4) -> 0101 | AM12: =BIN2HEX(AA12) -> 6 | AN12: =BIN2HEX(AB12) -> D | AO12: =BIN2HEX(AC12) -> 5 | AP12: =BIN2HEX(AD12) -> 5 | AQ12: =BIN2HEX(AE12) -> 6 | AR12: =BIN2HEX(AF12) -> 0 | AS12: =BIN2HEX(AG12) -> A | AT12: =BIN2HEX(AH12) -> F | ... AX12: =BIN2HEX(AL12) -> 5
B13: 3 | C13: =MID('CiDi SHEET'!$C$32,VLOOKUP($B13,PC_2,C$1+1,FALSE),1) -> 1 | D13: =MID('CiDi SHEET'!$C$32,VLOOKUP($B13,PC_2,D$1+1,FALSE),1) -> 0 | E13: =MID('CiDi SHEET'!$C$32,VLOOKUP($B13,PC_2,E$1+1,FALSE),1) -> 0 | F13: =MID('CiDi SHEET'!$C$32,VLOOKUP($B13,PC_2,F$1+1,FALSE),1) -> 0 | G13: =MID('CiDi SHEET'!$C$32,VLOOKUP($B13,PC_2,G$1+1,FALSE),1) -> 0 | H13: =MID('CiDi SHEET'!$C$32,VLOOKUP($B13,PC_2,H$1+1,FALSE),1) -> 1 | I13: =CONCATENATE(C13,D13,E13,F13,G13,H13) -> 100001 | N13: K12 | O13: =B109 -> 110000101100000111101001011010100100101111110011 | AA13: =MID($O13,AA$1,4) -> 1100 | AB13: =MID($O13,AB$1,4) -> 0010 | AC13: =MID($O13,AC$1,4) -> 1100 | AD13: =MID($O13,AD$1,4) -> 0001 | AE13: =MID($O13,AE$1,4) -> 1110 | AF13: =MID($O13,AF$1,4) -> 1001 | AG13: =MID($O13,AG$1,4) -> 0110 | AH13: =MID($O13,AH$1,4) -> 1010 | ... AL13: =MID($O13,AL$1,4) -> 0011 | AM13: =BIN2HEX(AA13) -> C | AN13: =BIN2HEX(AB13) -> 2 | AO13: =BIN2HEX(AC13) -> C | AP13: =BIN2HEX(AD13) -> 1 | AQ13: =BIN2HEX(AE13) -> E | AR13: =BIN2HEX(AF13) -> 9 | AS13: =BIN2HEX(AG13) -> 6 | AT13: =BIN2HEX(AH13) -> A | ... AX13: =BIN2HEX(AL13) -> 3
B14: 4 | C14: =MID('CiDi SHEET'!$C$32,VLOOKUP($B14,PC_2,C$1+1,FALSE),1) -> 0 | D14: =MID('CiDi SHEET'!$C$32,VLOOKUP($B14,PC_2,D$1+1,FALSE),1) -> 1 | E14: =MID('CiDi SHEET'!$C$32,VLOOKUP($B14,PC_2,E$1+1,FALSE),1) -> 1 | F14: =MID('CiDi SHEET'!$C$32,VLOOKUP($B14,PC_2,F$1+1,FALSE),1) -> 0 | G14: =MID('CiDi SHEET'!$C$32,VLOOKUP($B14,PC_2,G$1+1,FALSE),1) -> 0 | H14: =MID('CiDi SHEET'!$C$32,VLOOKUP($B14,PC_2,H$1+1,FALSE),1) -> 0 | I14: =CONCATENATE(C14,D14,E14,F14,G14,H14) -> 011000 | N14: K13 | O14: =B118 -> 100110011100001100010011100101111100100100011111 | AA14: =MID($O14,AA$1,4) -> 1001 | AB14: =MID($O14,AB$1,4) -> 1001 | AC14: =MID($O14,AC$1,4) -> 1100 | AD14: =MID($O14,AD$1,4) -> 0011 | AE14: =MID($O14,AE$1,4) -> 0001 | AF14: =MID($O14,AF$1,4) -> 0011 | AG14: =MID($O14,AG$1,4) -> 1001 | AH14: =MID($O14,AH$1,4) -> 0111 | ... AL14: =MID($O14,AL$1,4) -> 1111 | AM14: =BIN2HEX(AA14) -> 9 | AN14: =BIN2HEX(AB14) -> 9 | AO14: =BIN2HEX(AC14) -> C | AP14: =BIN2HEX(AD14) -> 3 | AQ14: =BIN2HEX(AE14) -> 1 | AR14: =BIN2HEX(AF14) -> 3 | AS14: =BIN2HEX(AG14) -> 9 | AT14: =BIN2HEX(AH14) -> 7 | ... AX14: =BIN2HEX(AL14) -> F
B15: 5 | C15: =MID('CiDi SHEET'!$C$32,VLOOKUP($B15,PC_2,C$1+1,FALSE),1) -> 0 | D15: =MID('CiDi SHEET'!$C$32,VLOOKUP($B15,PC_2,D$1+1,FALSE),1) -> 0 | E15: =MID('CiDi SHEET'!$C$32,VLOOKUP($B15,PC_2,E$1+1,FALSE),1) -> 0 | F15: =MID('CiDi SHEET'!$C$32,VLOOKUP($B15,PC_2,F$1+1,FALSE),1) -> 1 | G15: =MID('CiDi SHEET'!$C$32,VLOOKUP($B15,PC_2,G$1+1,FALSE),1) -> 1 | H15: =MID('CiDi SHEET'!$C$32,VLOOKUP($B15,PC_2,H$1+1,FALSE),1) -> 0 | I15: =CONCATENATE(C15,D15,E15,F15,G15,H15) -> 000110 | N15: K14 | O15: =B127 -> 001001010001101110001011110001110001011111010000 | AA15: =MID($O15,AA$1,4) -> 0010 | AB15: =MID($O15,AB$1,4) -> 0101 | AC15: =MID($O15,AC$1,4) -> 0001 | AD15: =MID($O15,AD$1,4) -> 1011 | AE15: =MID($O15,AE$1,4) -> 1000 | AF15: =MID($O15,AF$1,4) -> 1011 | AG15: =MID($O15,AG$1,4) -> 1100 | AH15: =MID($O15,AH$1,4) -> 0111 | ... AL15: =MID($O15,AL$1,4) -> 0000 | AM15: =BIN2HEX(AA15) -> 2 | AN15: =BIN2HEX(AB15) -> 5 | AO15: =BIN2HEX(AC15) -> 1 | AP15: =BIN2HEX(AD15) -> B | AQ15: =BIN2HEX(AE15) -> 8 | AR15: =BIN2HEX(AF15) -> B | AS15: =BIN2HEX(AG15) -> C | AT15: =BIN2HEX(AH15) -> 7 | ... AX15: =BIN2HEX(AL15) -> 0
B16: 6 | C16: =MID('CiDi SHEET'!$C$32,VLOOKUP($B16,PC_2,C$1+1,FALSE),1) -> 1 | D16: =MID('CiDi SHEET'!$C$32,VLOOKUP($B16,PC_2,D$1+1,FALSE),1) -> 0 | E16: =MID('CiDi SHEET'!$C$32,VLOOKUP($B16,PC_2,E$1+1,FALSE),1) -> 1 | F16: =MID('CiDi SHEET'!$C$32,VLOOKUP($B16,PC_2,F$1+1,FALSE),1) -> 0 | G16: =MID('CiDi SHEET'!$C$32,VLOOKUP($B16,PC_2,G$1+1,FALSE),1) -> 1 | H16: =MID('CiDi SHEET'!$C$32,VLOOKUP($B16,PC_2,H$1+1,FALSE),1) -> 1 | I16: =CONCATENATE(C16,D16,E16,F16,G16,H16) -> 101011 | N16: K15 | O16: =B136 -> 001100110011000011000101110110011010001101101101 | AA16: =MID($O16,AA$1,4) -> 0011 | AB16: =MID($O16,AB$1,4) -> 0011 | AC16: =MID($O16,AC$1,4) -> 0011 | AD16: =MID($O16,AD$1,4) -> 0000 | AE16: =MID($O16,AE$1,4) -> 1100 | AF16: =MID($O16,AF$1,4) -> 0101 | AG16: =MID($O16,AG$1,4) -> 1101 | AH16: =MID($O16,AH$1,4) -> 1001 | ... AL16: =MID($O16,AL$1,4) -> 1101 | AM16: =BIN2HEX(AA16) -> 3 | AN16: =BIN2HEX(AB16) -> 3 | AO16: =BIN2HEX(AC16) -> 3 | AP16: =BIN2HEX(AD16) -> 0 | AQ16: =BIN2HEX(AE16) -> C | AR16: =BIN2HEX(AF16) -> 5 | AS16: =BIN2HEX(AG16) -> D | AT16: =BIN2HEX(AH16) -> 9 | ... AX16: =BIN2HEX(AL16) -> D
B17: 7 | C17: =MID('CiDi SHEET'!$C$32,VLOOKUP($B17,PC_2,C$1+1,FALSE),1) -> 1 | D17: =MID('CiDi SHEET'!$C$32,VLOOKUP($B17,PC_2,D$1+1,FALSE),1) -> 1 | E17: =MID('CiDi SHEET'!$C$32,VLOOKUP($B17,PC_2,E$1+1,FALSE),1) -> 0 | F17: =MID('CiDi SHEET'!$C$32,VLOOKUP($B17,PC_2,F$1+1,FALSE),1) -> 0 | G17: =MID('CiDi SHEET'!$C$32,VLOOKUP($B17,PC_2,G$1+1,FALSE),1) -> 1 | H17: =MID('CiDi SHEET'!$C$32,VLOOKUP($B17,PC_2,H$1+1,FALSE),1) -> 1 | I17: =CONCATENATE(C17,D17,E17,F17,G17,H17) -> 110011 | N17: K16 | O17: =B145 -> 000110000001110001011101011101011100011001101101 | AA17: =MID($O17,AA$1,4) -> 0001 | AB17: =MID($O17,AB$1,4) -> 1000 | AC17: =MID($O17,AC$1,4) -> 0001 | AD17: =MID($O17,AD$1,4) -> 1100 | AE17: =MID($O17,AE$1,4) -> 0101 | AF17: =MID($O17,AF$1,4) -> 1101 | AG17: =MID($O17,AG$1,4) -> 0111 | AH17: =MID($O17,AH$1,4) -> 0101 | ... AL17: =MID($O17,AL$1,4) -> 1101 | AM17: =BIN2HEX(AA17) -> 1 | AN17: =BIN2HEX(AB17) -> 8 | AO17: =BIN2HEX(AC17) -> 1 | AP17: =BIN2HEX(AD17) -> C | AQ17: =BIN2HEX(AE17) -> 5 | AR17: =BIN2HEX(AF17) -> D | AS17: =BIN2HEX(AG17) -> 7 | AT17: =BIN2HEX(AH17) -> 5 | ... AX17: =BIN2HEX(AL17) -> D
B18: 8 | C18: =MID('CiDi SHEET'!$C$32,VLOOKUP($B18,PC_2,C$1+1,FALSE),1) -> 0 | D18: =MID('CiDi SHEET'!$C$32,VLOOKUP($B18,PC_2,D$1+1,FALSE),1) -> 0 | E18: =MID('CiDi SHEET'!$C$32,VLOOKUP($B18,PC_2,E$1+1,FALSE),1) -> 1 | F18: =MID('CiDi SHEET'!$C$32,VLOOKUP($B18,PC_2,F$1+1,FALSE),1) -> 1 | G18: =MID('CiDi SHEET'!$C$32,VLOOKUP($B18,PC_2,G$1+1,FALSE),1) -> 1 | H18: =MID('CiDi SHEET'!$C$32,VLOOKUP($B18,PC_2,H$1+1,FALSE),1) -> 0 | I18: =CONCATENATE(C18,D18,E18,F18,G18,H18) -> 001110
A19: K2 | B19: =CONCATENATE(I11,I12,I13,I14,I15,I16,I17,I18) -> 010001010110100001011000000110101011110011001110 | Z19: =LEN(O2) -> 48
A20: K3 | B20: 1 | C20: =MID('CiDi SHEET'!$C$33,VLOOKUP($B20,PC_2,C$1+1,FALSE),1) -> 0 | D20: =MID('CiDi SHEET'!$C$33,VLOOKUP($B20,PC_2,D$1+1,FALSE),1) -> 0 | E20: =MID('CiDi SHEET'!$C$33,VLOOKUP($B20,PC_2,E$1+1,FALSE),1) -> 0 | F20: =MID('CiDi SHEET'!$C$33,VLOOKUP($B20,PC_2,F$1+1,FALSE),1) -> 0 | G20: =MID('CiDi SHEET'!$C$33,VLOOKUP($B20,PC_2,G$1+1,FALSE),1) -> 0 | H20: =MID('CiDi SHEET'!$C$33,VLOOKUP($B20,PC_2,H$1+1,FALSE),1) -> 1 | I20: =CONCATENATE(C20,D20,E20,F20,G20,H20) -> 000001
B21: 2 | C21: =MID('CiDi SHEET'!$C$33,VLOOKUP($B21,PC_2,C$1+1,FALSE),1) -> 1 | D21: =MID('CiDi SHEET'!$C$33,VLOOKUP($B21,PC_2,D$1+1,FALSE),1) -> 0 | E21: =MID('CiDi SHEET'!$C$33,VLOOKUP($B21,PC_2,E$1+1,FALSE),1) -> 1 | F21: =MID('CiDi SHEET'!$C$33,VLOOKUP($B21,PC_2,F$1+1,FALSE),1) -> 1 | G21: =MID('CiDi SHEET'!$C$33,VLOOKUP($B21,PC_2,G$1+1,FALSE),1) -> 1 | H21: =MID('CiDi SHEET'!$C$33,VLOOKUP($B21,PC_2,H$1+1,FALSE),1) -> 0 | I21: =CONCATENATE(C21,D21,E21,F21,G21,H21) -> 101110
B22: 3 | C22: =MID('CiDi SHEET'!$C$33,VLOOKUP($B22,PC_2,C$1+1,FALSE),1) -> 1 | D22: =MID('CiDi SHEET'!$C$33,VLOOKUP($B22,PC_2,D$1+1,FALSE),1) -> 1 | E22: =MID('CiDi SHEET'!$C$33,VLOOKUP($B22,PC_2,E$1+1,FALSE),1) -> 0 | F22: =MID('CiDi SHEET'!$C$33,VLOOKUP($B22,PC_2,F$1+1,FALSE),1) -> 1 | G22: =MID('CiDi SHEET'!$C$33,VLOOKUP($B22,PC_2,G$1+1,FALSE),1) -> 1 | H22: =MID('CiDi SHEET'!$C$33,VLOOKUP($B22,PC_2,H$1+1,FALSE),1) -> 0 | I22: =CONCATENATE(C22,D22,E22,F22,G22,H22) -> 110110
B23: 4 | C23: =MID('CiDi SHEET'!$C$33,VLOOKUP($B23,PC_2,C$1+1,FALSE),1) -> 1 | D23: =MID('CiDi SHEET'!$C$33,VLOOKUP($B23,PC_2,D$1+1,FALSE),1) -> 0 | E23: =MID('CiDi SHEET'!$C$33,VLOOKUP($B23,PC_2,E$1+1,FALSE),1) -> 0 | F23: =MID('CiDi SHEET'!$C$33,VLOOKUP($B23,PC_2,F$1+1,FALSE),1) -> 1 | G23: =MID('CiDi SHEET'!$C$33,VLOOKUP($B23,PC_2,G$1+1,FALSE),1) -> 0 | H23: =MID('CiDi SHEET'!$C$33,VLOOKUP($B23,PC_2,H$1+1,FALSE),1) -> 0 | I23: =CONCATENATE(C23,D23,E23,F23,G23,H23) -> 100100
B24: 5 | C24: =MID('CiDi SHEET'!$C$33,VLOOKUP($B24,PC_2,C$1+1,FALSE),1) -> 1 | D24: =MID('CiDi SHEET'!$C$33,VLOOKUP($B24,PC_2,D$1+1,FALSE),1) -> 0 | E24: =MID('CiDi SHEET'!$C$33,VLOOKUP($B24,PC_2,E$1+1,FALSE),1) -> 1 | F24: =MID('CiDi SHEET'!$C$33,VLOOKUP($B24,PC_2,F$1+1,FALSE),1) -> 0 | G24: =MID('CiDi SHEET'!$C$33,VLOOKUP($B24,PC_2,G$1+1,FALSE),1) -> 1 | H24: =MID('CiDi SHEET'!$C$33,VLOOKUP($B24,PC_2,H$1+1,FALSE),1) -> 1 | I24: =CONCATENATE(C24,D24,E24,F24,G24,H24) -> 101011
B25: 6 | C25: =MID('CiDi SHEET'!$C$33,VLOOKUP($B25,PC_2,C$1+1,FALSE),1) -> 0 | D25: =MID('CiDi SHEET'!$C$33,VLOOKUP($B25,PC_2,D$1+1,FALSE),1) -> 0 | E25: =MID('CiDi SHEET'!$C$33,VLOOKUP($B25,PC_2,E$1+1,FALSE),1) -> 1 | F25: =MID('CiDi SHEET'!$C$33,VLOOKUP($B25,PC_2,F$1+1,FALSE),1) -> 1 | G25: =MID('CiDi SHEET'!$C$33,VLOOKUP($B25,PC_2,G$1+1,FALSE),1) -> 1 | H25: =MID('CiDi SHEET'!$C$33,VLOOKUP($B25,PC_2,H$1+1,FALSE),1) -> 1 | I25: =CONCATENATE(C25,D25,E25,F25,G25,H25) -> 001111
B26: 7 | C26: =MID('CiDi SHEET'!$C$33,VLOOKUP($B26,PC_2,C$1+1,FALSE),1) -> 0 | D26: =MID('CiDi SHEET'!$C$33,VLOOKUP($B26,PC_2,D$1+1,FALSE),1) -> 1 | E26: =MID('CiDi SHEET'!$C$33,VLOOKUP($B26,PC_2,E$1+1,FALSE),1) -> 0 | F26: =MID('CiDi SHEET'!$C$33,VLOOKUP($B26,PC_2,F$1+1,FALSE),1) -> 1 | G26: =MID('CiDi SHEET'!$C$33,VLOOKUP($B26,PC_2,G$1+1,FALSE),1) -> 1 | H26: =MID('CiDi SHEET'!$C$33,VLOOKUP($B26,PC_2,H$1+1,FALSE),1) -> 0 | I26: =CONCATENATE(C26,D26,E26,F26,G26,H26) -> 010110
B27: 8 | C27: =MID('CiDi SHEET'!$C$33,VLOOKUP($B27,PC_2,C$1+1,FALSE),1) -> 1 | D27: =MID('CiDi SHEET'!$C$33,VLOOKUP($B27,PC_2,D$1+1,FALSE),1) -> 1 | E27: =MID('CiDi SHEET'!$C$33,VLOOKUP($B27,PC_2,E$1+1,FALSE),1) -> 0 | F27: =MID('CiDi SHEET'!$C$33,VLOOKUP($B27,PC_2,F$1+1,FALSE),1) -> 1 | G27: =MID('CiDi SHEET'!$C$33,VLOOKUP($B27,PC_2,G$1+1,FALSE),1) -> 0 | H27: =MID('CiDi SHEET'!$C$33,VLOOKUP($B27,PC_2,H$1+1,FALSE),1) -> 1 | I27: =CONCATENATE(C27,D27,E27,F27,G27,H27) -> 110101
A28: K3 | B28: =CONCATENATE(I20,I21,I22,I23,I24,I25,I26,I27) -> 000001101110110110100100101011001111010110110101
A29: K4 | B29: 1 | C29: =MID('CiDi SHEET'!$C$34,VLOOKUP($B29,PC_2,C$1+1,FALSE),1) -> 1 | D29: =MID('CiDi SHEET'!$C$34,VLOOKUP($B29,PC_2,D$1+1,FALSE),1) -> 1 | E29: =MID('CiDi SHEET'!$C$34,VLOOKUP($B29,PC_2,E$1+1,FALSE),1) -> 0 | F29: =MID('CiDi SHEET'!$C$34,VLOOKUP($B29,PC_2,F$1+1,FALSE),1) -> 1 | G29: =MID('CiDi SHEET'!$C$34,VLOOKUP($B29,PC_2,G$1+1,FALSE),1) -> 1 | H29: =MID('CiDi SHEET'!$C$34,VLOOKUP($B29,PC_2,H$1+1,FALSE),1) -> 0 | I29: =CONCATENATE(C29,D29,E29,F29,G29,H29) -> 110110
B30: 2 | C30: =MID('CiDi SHEET'!$C$34,VLOOKUP($B30,PC_2,C$1+1,FALSE),1) -> 1 | D30: =MID('CiDi SHEET'!$C$34,VLOOKUP($B30,PC_2,D$1+1,FALSE),1) -> 0 | E30: =MID('CiDi SHEET'!$C$34,VLOOKUP($B30,PC_2,E$1+1,FALSE),1) -> 0 | F30: =MID('CiDi SHEET'!$C$34,VLOOKUP($B30,PC_2,F$1+1,FALSE),1) -> 0 | G30: =MID('CiDi SHEET'!$C$34,VLOOKUP($B30,PC_2,G$1+1,FALSE),1) -> 1 | H30: =MID('CiDi SHEET'!$C$34,VLOOKUP($B30,PC_2,H$1+1,FALSE),1) -> 0 | I30: =CONCATENATE(C30,D30,E30,F30,G30,H30) -> 100010
B31: 3 | C31: =MID('CiDi SHEET'!$C$34,VLOOKUP($B31,PC_2,C$1+1,FALSE),1) -> 1 | D31: =MID('CiDi SHEET'!$C$34,VLOOKUP($B31,PC_2,D$1+1,FALSE),1) -> 1 | E31: =MID('CiDi SHEET'!$C$34,VLOOKUP($B31,PC_2,E$1+1,FALSE),1) -> 0 | F31: =MID('CiDi SHEET'!$C$34,VLOOKUP($B31,PC_2,F$1+1,FALSE),1) -> 1 | G31: =MID('CiDi SHEET'!$C$34,VLOOKUP($B31,PC_2,G$1+1,FALSE),1) -> 0 | H31: =MID('CiDi SHEET'!$C$34,VLOOKUP($B31,PC_2,H$1+1,FALSE),1) -> 0 | I31: =CONCATENATE(C31,D31,E31,F31,G31,H31) -> 110100
B32: 4 | C32: =MID('CiDi SHEET'!$C$34,VLOOKUP($B32,PC_2,C$1+1,FALSE),1) -> 0 | D32: =MID('CiDi SHEET'!$C$34,VLOOKUP($B32,PC_2,D$1+1,FALSE),1) -> 0 | E32: =MID('CiDi SHEET'!$C$34,VLOOKUP($B32,PC_2,E$1+1,FALSE),1) -> 0 | F32: =MID('CiDi SHEET'!$C$34,VLOOKUP($B32,PC_2,F$1+1,FALSE),1) -> 0 | G32: =MID('CiDi SHEET'!$C$34,VLOOKUP($B32,PC_2,G$1+1,FALSE),1) -> 1 | H32: =MID('CiDi SHEET'!$C$34,VLOOKUP($B32,PC_2,H$1+1,FALSE),1) -> 1 | I32: =CONCATENATE(C32,D32,E32,F32,G32,H32) -> 000011
B33: 5 | C33: =MID('CiDi SHEET'!$C$34,VLOOKUP($B33,PC_2,C$1+1,FALSE),1) -> 0 | D33: =MID('CiDi SHEET'!$C$34,VLOOKUP($B33,PC_2,D$1+1,FALSE),1) -> 0 | E33: =MID('CiDi SHEET'!$C$34,VLOOKUP($B33,PC_2,E$1+1,FALSE),1) -> 1 | F33: =MID('CiDi SHEET'!$C$34,VLOOKUP($B33,PC_2,F$1+1,FALSE),1) -> 0 | G33: =MID('CiDi SHEET'!$C$34,VLOOKUP($B33,PC_2,G$1+1,FALSE),1) -> 1 | H33: =MID('CiDi SHEET'!$C$34,VLOOKUP($B33,PC_2,H$1+1,FALSE),1) -> 0 | I33: =CONCATENATE(C33,D33,E33,F33,G33,H33) -> 001010
B34: 6 | C34: =MID('CiDi SHEET'!$C$34,VLOOKUP($B34,PC_2,C$1+1,FALSE),1) -> 1 | D34: =MID('CiDi SHEET'!$C$34,VLOOKUP($B34,PC_2,D$1+1,FALSE),1) -> 1 | E34: =MID('CiDi SHEET'!$C$34,VLOOKUP($B34,PC_2,E$1+1,FALSE),1) -> 0 | F34: =MID('CiDi SHEET'!$C$34,VLOOKUP($B34,PC_2,F$1+1,FALSE),1) -> 1 | G34: =MID('CiDi SHEET'!$C$34,VLOOKUP($B34,PC_2,G$1+1,FALSE),1) -> 1 | H34: =MID('CiDi SHEET'!$C$34,VLOOKUP($B34,PC_2,H$1+1,FALSE),1) -> 0 | I34: =CONCATENATE(C34,D34,E34,F34,G34,H34) -> 110110
B35: 7 | C35: =MID('CiDi SHEET'!$C$34,VLOOKUP($B35,PC_2,C$1+1,FALSE),1) -> 1 | D35: =MID('CiDi SHEET'!$C$34,VLOOKUP($B35,PC_2,D$1+1,FALSE),1) -> 1 | E35: =MID('CiDi SHEET'!$C$34,VLOOKUP($B35,PC_2,E$1+1,FALSE),1) -> 1 | F35: =MID('CiDi SHEET'!$C$34,VLOOKUP($B35,PC_2,F$1+1,FALSE),1) -> 0 | G35: =MID('CiDi SHEET'!$C$34,VLOOKUP($B35,PC_2,G$1+1,FALSE),1) -> 1 | H35: =MID('CiDi SHEET'!$C$34,VLOOKUP($B35,PC_2,H$1+1,FALSE),1) -> 1 | I35: =CONCATENATE(C35,D35,E35,F35,G35,H35) -> 111011
B36: 8 | C36: =MID('CiDi SHEET'!$C$34,VLOOKUP($B36,PC_2,C$1+1,FALSE),1) -> 1 | D36: =MID('CiDi SHEET'!$C$34,VLOOKUP($B36,PC_2,D$1+1,FALSE),1) -> 0 | E36: =MID('CiDi SHEET'!$C$34,VLOOKUP($B36,PC_2,E$1+1,FALSE),1) -> 0 | F36: =MID('CiDi SHEET'!$C$34,VLOOKUP($B36,PC_2,F$1+1,FALSE),1) -> 0 | G36: =MID('CiDi SHEET'!$C$34,VLOOKUP($B36,PC_2,G$1+1,FALSE),1) -> 1 | H36: =MID('CiDi SHEET'!$C$34,VLOOKUP($B36,PC_2,H$1+1,FALSE),1) -> 1 | I36: =CONCATENATE(C36,D36,E36,F36,G36,H36) -> 100011
A37: K4 | B37: =CONCATENATE(I29,I30,I31,I32,I33,I34,I35,I36) -> 110110100010110100000011001010110110111011100011
A38: K5 | B38: 1 | C38: =MID('CiDi SHEET'!$C$35,VLOOKUP($B38,PC_2,C$1+1,FALSE),1) -> 0 | D38: =MID('CiDi SHEET'!$C$35,VLOOKUP($B38,PC_2,D$1+1,FALSE),1) -> 1 | E38: =MID('CiDi SHEET'!$C$35,VLOOKUP($B38,PC_2,E$1+1,FALSE),1) -> 1 | F38: =MID('CiDi SHEET'!$C$35,VLOOKUP($B38,PC_2,F$1+1,FALSE),1) -> 0 | G38: =MID('CiDi SHEET'!$C$35,VLOOKUP($B38,PC_2,G$1+1,FALSE),1) -> 1 | H38: =MID('CiDi SHEET'!$C$35,VLOOKUP($B38,PC_2,H$1+1,FALSE),1) -> 0 | I38: =CONCATENATE(C38,D38,E38,F38,G38,H38) -> 011010
B39: 2 | C39: =MID('CiDi SHEET'!$C$35,VLOOKUP($B39,PC_2,C$1+1,FALSE),1) -> 0 | D39: =MID('CiDi SHEET'!$C$35,VLOOKUP($B39,PC_2,D$1+1,FALSE),1) -> 1 | E39: =MID('CiDi SHEET'!$C$35,VLOOKUP($B39,PC_2,E$1+1,FALSE),1) -> 1 | F39: =MID('CiDi SHEET'!$C$35,VLOOKUP($B39,PC_2,F$1+1,FALSE),1) -> 0 | G39: =MID('CiDi SHEET'!$C$35,VLOOKUP($B39,PC_2,G$1+1,FALSE),1) -> 1 | H39: =MID('CiDi SHEET'!$C$35,VLOOKUP($B39,PC_2,H$1+1,FALSE),1) -> 0 | I39: =CONCATENATE(C39,D39,E39,F39,G39,H39) -> 011010
B40: 3 | C40: =MID('CiDi SHEET'!$C$35,VLOOKUP($B40,PC_2,C$1+1,FALSE),1) -> 0 | D40: =MID('CiDi SHEET'!$C$35,VLOOKUP($B40,PC_2,D$1+1,FALSE),1) -> 1 | E40: =MID('CiDi SHEET'!$C$35,VLOOKUP($B40,PC_2,E$1+1,FALSE),1) -> 1 | F40: =MID('CiDi SHEET'!$C$35,VLOOKUP($B40,PC_2,F$1+1,FALSE),1) -> 0 | G40: =MID('CiDi SHEET'!$C$35,VLOOKUP($B40,PC_2,G$1+1,FALSE),1) -> 0 | H40: =MID('CiDi SHEET'!$C$35,VLOOKUP($B40,PC_2,H$1+1,FALSE),1) -> 0 | I40: =CONCATENATE(C40,D40,E40,F40,G40,H40) -> 011000
B41: 4 | C41: =MID('CiDi SHEET'!$C$35,VLOOKUP($B41,PC_2,C$1+1,FALSE),1) -> 1 | D41: =MID('CiDi SHEET'!$C$35,VLOOKUP($B41,PC_2,D$1+1,FALSE),1) -> 0 | E41: =MID('CiDi SHEET'!$C$35,VLOOKUP($B41,PC_2,E$1+1,FALSE),1) -> 1 | F41: =MID('CiDi SHEET'!$C$35,VLOOKUP($B41,PC_2,F$1+1,FALSE),1) -> 0 | G41: =MID('CiDi SHEET'!$C$35,VLOOKUP($B41,PC_2,G$1+1,FALSE),1) -> 0 | H41: =MID('CiDi SHEET'!$C$35,VLOOKUP($B41,PC_2,H$1+1,FALSE),1) -> 1 | I41: =CONCATENATE(C41,D41,E41,F41,G41,H41) -> 101001
B42: 5 | C42: =MID('CiDi SHEET'!$C$35,VLOOKUP($B42,PC_2,C$1+1,FALSE),1) -> 1 | D42: =MID('CiDi SHEET'!$C$35,VLOOKUP($B42,PC_2,D$1+1,FALSE),1) -> 1 | E42: =MID('CiDi SHEET'!$C$35,VLOOKUP($B42,PC_2,E$1+1,FALSE),1) -> 1 | F42: =MID('CiDi SHEET'!$C$35,VLOOKUP($B42,PC_2,F$1+1,FALSE),1) -> 1 | G42: =MID('CiDi SHEET'!$C$35,VLOOKUP($B42,PC_2,G$1+1,FALSE),1) -> 1 | H42: =MID('CiDi SHEET'!$C$35,VLOOKUP($B42,PC_2,H$1+1,FALSE),1) -> 1 | I42: =CONCATENATE(C42,D42,E42,F42,G42,H42) -> 111111
B43: 6 | C43: =MID('CiDi SHEET'!$C$35,VLOOKUP($B43,PC_2,C$1+1,FALSE),1) -> 1 | D43: =MID('CiDi SHEET'!$C$35,VLOOKUP($B43,PC_2,D$1+1,FALSE),1) -> 0 | E43: =MID('CiDi SHEET'!$C$35,VLOOKUP($B43,PC_2,E$1+1,FALSE),1) -> 1 | F43: =MID('CiDi SHEET'!$C$35,VLOOKUP($B43,PC_2,F$1+1,FALSE),1) -> 1 | G43: =MID('CiDi SHEET'!$C$35,VLOOKUP($B43,PC_2,G$1+1,FALSE),1) -> 0 | H43: =MID('CiDi SHEET'!$C$35,VLOOKUP($B43,PC_2,H$1+1,FALSE),1) -> 0 | I43: =CONCATENATE(C43,D43,E43,F43,G43,H43) -> 101100
B44: 7 | C44: =MID('CiDi SHEET'!$C$35,VLOOKUP($B44,PC_2,C$1+1,FALSE),1) -> 1 | D44: =MID('CiDi SHEET'!$C$35,VLOOKUP($B44,PC_2,D$1+1,FALSE),1) -> 0 | E44: =MID('CiDi SHEET'!$C$35,VLOOKUP($B44,PC_2,E$1+1,FALSE),1) -> 0 | F44: =MID('CiDi SHEET'!$C$35,VLOOKUP($B44,PC_2,F$1+1,FALSE),1) -> 1 | G44: =MID('CiDi SHEET'!$C$35,VLOOKUP($B44,PC_2,G$1+1,FALSE),1) -> 0 | H44: =MID('CiDi SHEET'!$C$35,VLOOKUP($B44,PC_2,H$1+1,FALSE),1) -> 0 | I44: =CONCATENATE(C44,D44,E44,F44,G44,H44) -> 100100
B45: 8 | C45: =MID('CiDi SHEET'!$C$35,VLOOKUP($B45,PC_2,C$1+1,FALSE),1) -> 0 | D45: =MID('CiDi SHEET'!$C$35,VLOOKUP($B45,PC_2,D$1+1,FALSE),1) -> 1 | E45: =MID('CiDi SHEET'!$C$35,VLOOKUP($B45,PC_2,E$1+1,FALSE),1) -> 0 | F45: =MID('CiDi SHEET'!$C$35,VLOOKUP($B45,PC_2,F$1+1,FALSE),1) -> 0 | G45: =MID('CiDi SHEET'!$C$35,VLOOKUP($B45,PC_2,G$1+1,FALSE),1) -> 1 | H45: =MID('CiDi SHEET'!$C$35,VLOOKUP($B45,PC_2,H$1+1,FALSE),1) -> 1 | I45: =CONCATENATE(C45,D45,E45,F45,G45,H45) -> 010011
A46: K5 | B46: =CONCATENATE(I38,I39,I40,I41,I42,I43,I44,I45) -> 011010011010011000101001111111101100100100010011
A47: K6 | B47: 1 | C47: =MID('CiDi SHEET'!$C$36,VLOOKUP($B47,PC_2,C$1+1,FALSE),1) -> 1 | D47: =MID('CiDi SHEET'!$C$36,VLOOKUP($B47,PC_2,D$1+1,FALSE),1) -> 1 | E47: =MID('CiDi SHEET'!$C$36,VLOOKUP($B47,PC_2,E$1+1,FALSE),1) -> 0 | F47: =MID('CiDi SHEET'!$C$36,VLOOKUP($B47,PC_2,F$1+1,FALSE),1) -> 0 | G47: =MID('CiDi SHEET'!$C$36,VLOOKUP($B47,PC_2,G$1+1,FALSE),1) -> 0 | H47: =MID('CiDi SHEET'!$C$36,VLOOKUP($B47,PC_2,H$1+1,FALSE),1) -> 0 | I47: =CONCATENATE(C47,D47,E47,F47,G47,H47) -> 110000
B48: 2 | C48: =MID('CiDi SHEET'!$C$36,VLOOKUP($B48,PC_2,C$1+1,FALSE),1) -> 0 | D48: =MID('CiDi SHEET'!$C$36,VLOOKUP($B48,PC_2,D$1+1,FALSE),1) -> 1 | E48: =MID('CiDi SHEET'!$C$36,VLOOKUP($B48,PC_2,E$1+1,FALSE),1) -> 1 | F48: =MID('CiDi SHEET'!$C$36,VLOOKUP($B48,PC_2,F$1+1,FALSE),1) -> 0 | G48: =MID('CiDi SHEET'!$C$36,VLOOKUP($B48,PC_2,G$1+1,FALSE),1) -> 0 | H48: =MID('CiDi SHEET'!$C$36,VLOOKUP($B48,PC_2,H$1+1,FALSE),1) -> 1 | I48: =CONCATENATE(C48,D48,E48,F48,G48,H48) -> 011001
B49: 3 | C49: =MID('CiDi SHEET'!$C$36,VLOOKUP($B49,PC_2,C$1+1,FALSE),1) -> 0 | D49: =MID('CiDi SHEET'!$C$36,VLOOKUP($B49,PC_2,D$1+1,FALSE),1) -> 1 | E49: =MID('CiDi SHEET'!$C$36,VLOOKUP($B49,PC_2,E$1+1,FALSE),1) -> 0 | F49: =MID('CiDi SHEET'!$C$36,VLOOKUP($B49,PC_2,F$1+1,FALSE),1) -> 0 | G49: =MID('CiDi SHEET'!$C$36,VLOOKUP($B49,PC_2,G$1+1,FALSE),1) -> 1 | H49: =MID('CiDi SHEET'!$C$36,VLOOKUP($B49,PC_2,H$1+1,FALSE),1) -> 0 | I49: =CONCATENATE(C49,D49,E49,F49,G49,H49) -> 010010
B50: 4 | C50: =MID('CiDi SHEET'!$C$36,VLOOKUP($B50,PC_2,C$1+1,FALSE),1) -> 0 | D50: =MID('CiDi SHEET'!$C$36,VLOOKUP($B50,PC_2,D$1+1,FALSE),1) -> 0 | E50: =MID('CiDi SHEET'!$C$36,VLOOKUP($B50,PC_2,E$1+1,FALSE),1) -> 1 | F50: =MID('CiDi SHEET'!$C$36,VLOOKUP($B50,PC_2,F$1+1,FALSE),1) -> 1 | G50: =MID('CiDi SHEET'!$C$36,VLOOKUP($B50,PC_2,G$1+1,FALSE),1) -> 1 | H50: =MID('CiDi SHEET'!$C$36,VLOOKUP($B50,PC_2,H$1+1,FALSE),1) -> 0 | I50: =CONCATENATE(C50,D50,E50,F50,G50,H50) -> 001110
B51: 5 | C51: =MID('CiDi SHEET'!$C$36,VLOOKUP($B51,PC_2,C$1+1,FALSE),1) -> 1 | D51: =MID('CiDi SHEET'!$C$36,VLOOKUP($B51,PC_2,D$1+1,FALSE),1) -> 0 | E51: =MID('CiDi SHEET'!$C$36,VLOOKUP($B51,PC_2,E$1+1,FALSE),1) -> 0 | F51: =MID('CiDi SHEET'!$C$36,VLOOKUP($B51,PC_2,F$1+1,FALSE),1) -> 0 | G51: =MID('CiDi SHEET'!$C$36,VLOOKUP($B51,PC_2,G$1+1,FALSE),1) -> 0 | H51: =MID('CiDi SHEET'!$C$36,VLOOKUP($B51,PC_2,H$1+1,FALSE),1) -> 1 | I51: =CONCATENATE(C51,D51,E51,F51,G51,H51) -> 100001
B52: 6 | C52: =MID('CiDi SHEET'!$C$36,VLOOKUP($B52,PC_2,C$1+1,FALSE),1) -> 1 | D52: =MID('CiDi SHEET'!$C$36,VLOOKUP($B52,PC_2,D$1+1,FALSE),1) -> 1 | E52: =MID('CiDi SHEET'!$C$36,VLOOKUP($B52,PC_2,E$1+1,FALSE),1) -> 0 | F52: =MID('CiDi SHEET'!$C$36,VLOOKUP($B52,PC_2,F$1+1,FALSE),1) -> 1 | G52: =MID('CiDi SHEET'!$C$36,VLOOKUP($B52,PC_2,G$1+1,FALSE),1) -> 0 | H52: =MID('CiDi SHEET'!$C$36,VLOOKUP($B52,PC_2,H$1+1,FALSE),1) -> 0 | I52: =CONCATENATE(C52,D52,E52,F52,G52,H52) -> 110100
B53: 7 | C53: =MID('CiDi SHEET'!$C$36,VLOOKUP($B53,PC_2,C$1+1,FALSE),1) -> 0 | D53: =MID('CiDi SHEET'!$C$36,VLOOKUP($B53,PC_2,D$1+1,FALSE),1) -> 1 | E53: =MID('CiDi SHEET'!$C$36,VLOOKUP($B53,PC_2,E$1+1,FALSE),1) -> 1 | F53: =MID('CiDi SHEET'!$C$36,VLOOKUP($B53,PC_2,F$1+1,FALSE),1) -> 1 | G53: =MID('CiDi SHEET'!$C$36,VLOOKUP($B53,PC_2,G$1+1,FALSE),1) -> 0 | H53: =MID('CiDi SHEET'!$C$36,VLOOKUP($B53,PC_2,H$1+1,FALSE),1) -> 1 | I53: =CONCATENATE(C53,D53,E53,F53,G53,H53) -> 011101
B54: 8 | C54: =MID('CiDi SHEET'!$C$36,VLOOKUP($B54,PC_2,C$1+1,FALSE),1) -> 0 | D54: =MID('CiDi SHEET'!$C$36,VLOOKUP($B54,PC_2,D$1+1,FALSE),1) -> 1 | E54: =MID('CiDi SHEET'!$C$36,VLOOKUP($B54,PC_2,E$1+1,FALSE),1) -> 1 | F54: =MID('CiDi SHEET'!$C$36,VLOOKUP($B54,PC_2,F$1+1,FALSE),1) -> 1 | G54: =MID('CiDi SHEET'!$C$36,VLOOKUP($B54,PC_2,G$1+1,FALSE),1) -> 1 | H54: =MID('CiDi SHEET'!$C$36,VLOOKUP($B54,PC_2,H$1+1,FALSE),1) -> 0 | I54: =CONCATENATE(C54,D54,E54,F54,G54,H54) -> 011110
A55: K6 | B55: =CONCATENATE(I47,I48,I49,I50,I51,I52,I53,I54) -> 110000011001010010001110100001110100011101011110
A56: K7 | B56: 1 | C56: =MID('CiDi SHEET'!$C$37,VLOOKUP($B56,PC_2,C$1+1,FALSE),1) -> 0 | D56: =MID('CiDi SHEET'!$C$37,VLOOKUP($B56,PC_2,D$1+1,FALSE),1) -> 1 | E56: =MID('CiDi SHEET'!$C$37,VLOOKUP($B56,PC_2,E$1+1,FALSE),1) -> 1 | F56: =MID('CiDi SHEET'!$C$37,VLOOKUP($B56,PC_2,F$1+1,FALSE),1) -> 1 | G56: =MID('CiDi SHEET'!$C$37,VLOOKUP($B56,PC_2,G$1+1,FALSE),1) -> 0 | H56: =MID('CiDi SHEET'!$C$37,VLOOKUP($B56,PC_2,H$1+1,FALSE),1) -> 0 | I56: =CONCATENATE(C56,D56,E56,F56,G56,H56) -> 011100
B57: 2 | C57: =MID('CiDi SHEET'!$C$37,VLOOKUP($B57,PC_2,C$1+1,FALSE),1) -> 0 | D57: =MID('CiDi SHEET'!$C$37,VLOOKUP($B57,PC_2,D$1+1,FALSE),1) -> 0 | E57: =MID('CiDi SHEET'!$C$37,VLOOKUP($B57,PC_2,E$1+1,FALSE),1) -> 1 | F57: =MID('CiDi SHEET'!$C$37,VLOOKUP($B57,PC_2,F$1+1,FALSE),1) -> 0 | G57: =MID('CiDi SHEET'!$C$37,VLOOKUP($B57,PC_2,G$1+1,FALSE),1) -> 0 | H57: =MID('CiDi SHEET'!$C$37,VLOOKUP($B57,PC_2,H$1+1,FALSE),1) -> 0 | I57: =CONCATENATE(C57,D57,E57,F57,G57,H57) -> 001000
B58: 3 | C58: =MID('CiDi SHEET'!$C$37,VLOOKUP($B58,PC_2,C$1+1,FALSE),1) -> 1 | D58: =MID('CiDi SHEET'!$C$37,VLOOKUP($B58,PC_2,D$1+1,FALSE),1) -> 0 | E58: =MID('CiDi SHEET'!$C$37,VLOOKUP($B58,PC_2,E$1+1,FALSE),1) -> 1 | F58: =MID('CiDi SHEET'!$C$37,VLOOKUP($B58,PC_2,F$1+1,FALSE),1) -> 0 | G58: =MID('CiDi SHEET'!$C$37,VLOOKUP($B58,PC_2,G$1+1,FALSE),1) -> 1 | H58: =MID('CiDi SHEET'!$C$37,VLOOKUP($B58,PC_2,H$1+1,FALSE),1) -> 1 | I58: =CONCATENATE(C58,D58,E58,F58,G58,H58) -> 101011
B59: 4 | C59: =MID('CiDi SHEET'!$C$37,VLOOKUP($B59,PC_2,C$1+1,FALSE),1) -> 0 | D59: =MID('CiDi SHEET'!$C$37,VLOOKUP($B59,PC_2,D$1+1,FALSE),1) -> 1 | E59: =MID('CiDi SHEET'!$C$37,VLOOKUP($B59,PC_2,E$1+1,FALSE),1) -> 0 | F59: =MID('CiDi SHEET'!$C$37,VLOOKUP($B59,PC_2,F$1+1,FALSE),1) -> 0 | G59: =MID('CiDi SHEET'!$C$37,VLOOKUP($B59,PC_2,G$1+1,FALSE),1) -> 1 | H59: =MID('CiDi SHEET'!$C$37,VLOOKUP($B59,PC_2,H$1+1,FALSE),1) -> 0 | I59: =CONCATENATE(C59,D59,E59,F59,G59,H59) -> 010010
B60: 5 | C60: =MID('CiDi SHEET'!$C$37,VLOOKUP($B60,PC_2,C$1+1,FALSE),1) -> 1 | D60: =MID('CiDi SHEET'!$C$37,VLOOKUP($B60,PC_2,D$1+1,FALSE),1) -> 1 | E60: =MID('CiDi SHEET'!$C$37,VLOOKUP($B60,PC_2,E$1+1,FALSE),1) -> 0 | F60: =MID('CiDi SHEET'!$C$37,VLOOKUP($B60,PC_2,F$1+1,FALSE),1) -> 1 | G60: =MID('CiDi SHEET'!$C$37,VLOOKUP($B60,PC_2,G$1+1,FALSE),1) -> 1 | H60: =MID('CiDi SHEET'!$C$37,VLOOKUP($B60,PC_2,H$1+1,FALSE),1) -> 1 | I60: =CONCATENATE(C60,D60,E60,F60,G60,H60) -> 110111
B61: 6 | C61: =MID('CiDi SHEET'!$C$37,VLOOKUP($B61,PC_2,C$1+1,FALSE),1) -> 0 | D61: =MID('CiDi SHEET'!$C$37,VLOOKUP($B61,PC_2,D$1+1,FALSE),1) -> 1 | E61: =MID('CiDi SHEET'!$C$37,VLOOKUP($B61,PC_2,E$1+1,FALSE),1) -> 1 | F61: =MID('CiDi SHEET'!$C$37,VLOOKUP($B61,PC_2,F$1+1,FALSE),1) -> 0 | G61: =MID('CiDi SHEET'!$C$37,VLOOKUP($B61,PC_2,G$1+1,FALSE),1) -> 1 | H61: =MID('CiDi SHEET'!$C$37,VLOOKUP($B61,PC_2,H$1+1,FALSE),1) -> 1 | I61: =CONCATENATE(C61,D61,E61,F61,G61,H61) -> 011011
B62: 7 | C62: =MID('CiDi SHEET'!$C$37,VLOOKUP($B62,PC_2,C$1+1,FALSE),1) -> 0 | D62: =MID('CiDi SHEET'!$C$37,VLOOKUP($B62,PC_2,D$1+1,FALSE),1) -> 0 | E62: =MID('CiDi SHEET'!$C$37,VLOOKUP($B62,PC_2,E$1+1,FALSE),1) -> 1 | F62: =MID('CiDi SHEET'!$C$37,VLOOKUP($B62,PC_2,F$1+1,FALSE),1) -> 1 | G62: =MID('CiDi SHEET'!$C$37,VLOOKUP($B62,PC_2,G$1+1,FALSE),1) -> 1 | H62: =MID('CiDi SHEET'!$C$37,VLOOKUP($B62,PC_2,H$1+1,FALSE),1) -> 1 | I62: =CONCATENATE(C62,D62,E62,F62,G62,H62) -> 001111
B63: 8 | C63: =MID('CiDi SHEET'!$C$37,VLOOKUP($B63,PC_2,C$1+1,FALSE),1) -> 0 | D63: =MID('CiDi SHEET'!$C$37,VLOOKUP($B63,PC_2,D$1+1,FALSE),1) -> 0 | E63: =MID('CiDi SHEET'!$C$37,VLOOKUP($B63,PC_2,E$1+1,FALSE),1) -> 0 | F63: =MID('CiDi SHEET'!$C$37,VLOOKUP($B63,PC_2,F$1+1,FALSE),1) -> 0 | G63: =MID('CiDi SHEET'!$C$37,VLOOKUP($B63,PC_2,G$1+1,FALSE),1) -> 0 | H63: =MID('CiDi SHEET'!$C$37,VLOOKUP($B63,PC_2,H$1+1,FALSE),1) -> 0 | I63: =CONCATENATE(C63,D63,E63,F63,G63,H63) -> 000000
A64: K7 | B64: =CONCATENATE(I56,I57,I58,I59,I60,I61,I62,I63) -> 011100001000101011010010110111011011001111000000
A65: K8 | B65: 1 | C65: =MID('CiDi SHEET'!$C$38,VLOOKUP($B65,PC_2,C$1+1,FALSE),1) -> 0 | D65: =MID('CiDi SHEET'!$C$38,VLOOKUP($B65,PC_2,D$1+1,FALSE),1) -> 0 | E65: =MID('CiDi SHEET'!$C$38,VLOOKUP($B65,PC_2,E$1+1,FALSE),1) -> 1 | F65: =MID('CiDi SHEET'!$C$38,VLOOKUP($B65,PC_2,F$1+1,FALSE),1) -> 1 | G65: =MID('CiDi SHEET'!$C$38,VLOOKUP($B65,PC_2,G$1+1,FALSE),1) -> 0 | H65: =MID('CiDi SHEET'!$C$38,VLOOKUP($B65,PC_2,H$1+1,FALSE),1) -> 1 | I65: =CONCATENATE(C65,D65,E65,F65,G65,H65) -> 001101
B66: 2 | C66: =MID('CiDi SHEET'!$C$38,VLOOKUP($B66,PC_2,C$1+1,FALSE),1) -> 0 | D66: =MID('CiDi SHEET'!$C$38,VLOOKUP($B66,PC_2,D$1+1,FALSE),1) -> 0 | E66: =MID('CiDi SHEET'!$C$38,VLOOKUP($B66,PC_2,E$1+1,FALSE),1) -> 1 | F66: =MID('CiDi SHEET'!$C$38,VLOOKUP($B66,PC_2,F$1+1,FALSE),1) -> 1 | G66: =MID('CiDi SHEET'!$C$38,VLOOKUP($B66,PC_2,G$1+1,FALSE),1) -> 1 | H66: =MID('CiDi SHEET'!$C$38,VLOOKUP($B66,PC_2,H$1+1,FALSE),1) -> 1 | I66: =CONCATENATE(C66,D66,E66,F66,G66,H66) -> 001111
B67: 3 | C67: =MID('CiDi SHEET'!$C$38,VLOOKUP($B67,PC_2,C$1+1,FALSE),1) -> 1 | D67: =MID('CiDi SHEET'!$C$38,VLOOKUP($B67,PC_2,D$1+1,FALSE),1) -> 0 | E67: =MID('CiDi SHEET'!$C$38,VLOOKUP($B67,PC_2,E$1+1,FALSE),1) -> 0 | F67: =MID('CiDi SHEET'!$C$38,VLOOKUP($B67,PC_2,F$1+1,FALSE),1) -> 0 | G67: =MID('CiDi SHEET'!$C$38,VLOOKUP($B67,PC_2,G$1+1,FALSE),1) -> 0 | H67: =MID('CiDi SHEET'!$C$38,VLOOKUP($B67,PC_2,H$1+1,FALSE),1) -> 0 | I67: =CONCATENATE(C67,D67,E67,F67,G67,H67) -> 100000
B68: 4 | C68: =MID('CiDi SHEET'!$C$38,VLOOKUP($B68,PC_2,C$1+1,FALSE),1) -> 1 | D68: =MID('CiDi SHEET'!$C$38,VLOOKUP($B68,PC_2,D$1+1,FALSE),1) -> 0 | E68: =MID('CiDi SHEET'!$C$38,VLOOKUP($B68,PC_2,E$1+1,FALSE),1) -> 0 | F68: =MID('CiDi SHEET'!$C$38,VLOOKUP($B68,PC_2,F$1+1,FALSE),1) -> 0 | G68: =MID('CiDi SHEET'!$C$38,VLOOKUP($B68,PC_2,G$1+1,FALSE),1) -> 1 | H68: =MID('CiDi SHEET'!$C$38,VLOOKUP($B68,PC_2,H$1+1,FALSE),1) -> 0 | I68: =CONCATENATE(C68,D68,E68,F68,G68,H68) -> 100010
B69: 5 | C69: =MID('CiDi SHEET'!$C$38,VLOOKUP($B69,PC_2,C$1+1,FALSE),1) -> 1 | D69: =MID('CiDi SHEET'!$C$38,VLOOKUP($B69,PC_2,D$1+1,FALSE),1) -> 1 | E69: =MID('CiDi SHEET'!$C$38,VLOOKUP($B69,PC_2,E$1+1,FALSE),1) -> 1 | F69: =MID('CiDi SHEET'!$C$38,VLOOKUP($B69,PC_2,F$1+1,FALSE),1) -> 1 | G69: =MID('CiDi SHEET'!$C$38,VLOOKUP($B69,PC_2,G$1+1,FALSE),1) -> 0 | H69: =MID('CiDi SHEET'!$C$38,VLOOKUP($B69,PC_2,H$1+1,FALSE),1) -> 0 | I69: =CONCATENATE(C69,D69,E69,F69,G69,H69) -> 111100
B70: 6 | C70: =MID('CiDi SHEET'!$C$38,VLOOKUP($B70,PC_2,C$1+1,FALSE),1) -> 0 | D70: =MID('CiDi SHEET'!$C$38,VLOOKUP($B70,PC_2,D$1+1,FALSE),1) -> 0 | E70: =MID('CiDi SHEET'!$C$38,VLOOKUP($B70,PC_2,E$1+1,FALSE),1) -> 1 | F70: =MID('CiDi SHEET'!$C$38,VLOOKUP($B70,PC_2,F$1+1,FALSE),1) -> 1 | G70: =MID('CiDi SHEET'!$C$38,VLOOKUP($B70,PC_2,G$1+1,FALSE),1) -> 0 | H70: =MID('CiDi SHEET'!$C$38,VLOOKUP($B70,PC_2,H$1+1,FALSE),1) -> 0 | I70: =CONCATENATE(C70,D70,E70,F70,G70,H70) -> 001100
B71: 7 | C71: =MID('CiDi SHEET'!$C$38,VLOOKUP($B71,PC_2,C$1+1,FALSE),1) -> 0 | D71: =MID('CiDi SHEET'!$C$38,VLOOKUP($B71,PC_2,D$1+1,FALSE),1) -> 1 | E71: =MID('CiDi SHEET'!$C$38,VLOOKUP($B71,PC_2,E$1+1,FALSE),1) -> 1 | F71: =MID('CiDi SHEET'!$C$38,VLOOKUP($B71,PC_2,F$1+1,FALSE),1) -> 0 | G71: =MID('CiDi SHEET'!$C$38,VLOOKUP($B71,PC_2,G$1+1,FALSE),1) -> 0 | H71: =MID('CiDi SHEET'!$C$38,VLOOKUP($B71,PC_2,H$1+1,FALSE),1) -> 1 | I71: =CONCATENATE(C71,D71,E71,F71,G71,H71) -> 011001
B72: 8 | C72: =MID('CiDi SHEET'!$C$38,VLOOKUP($B72,PC_2,C$1+1,FALSE),1) -> 1 | D72: =MID('CiDi SHEET'!$C$38,VLOOKUP($B72,PC_2,D$1+1,FALSE),1) -> 0 | E72: =MID('CiDi SHEET'!$C$38,VLOOKUP($B72,PC_2,E$1+1,FALSE),1) -> 1 | F72: =MID('CiDi SHEET'!$C$38,VLOOKUP($B72,PC_2,F$1+1,FALSE),1) -> 1 | G72: =MID('CiDi SHEET'!$C$38,VLOOKUP($B72,PC_2,G$1+1,FALSE),1) -> 0 | H72: =MID('CiDi SHEET'!$C$38,VLOOKUP($B72,PC_2,H$1+1,FALSE),1) -> 1 | I72: =CONCATENATE(C72,D72,E72,F72,G72,H72) -> 101101
A73: K8 | B73: =CONCATENATE(I65,I66,I67,I68,I69,I70,I71,I72) -> 001101001111100000100010111100001100011001101101
A74: K9 | B74: 1 | C74: =MID('CiDi SHEET'!$C$39,VLOOKUP($B74,PC_2,C$1+1,FALSE),1) -> 1 | D74: =MID('CiDi SHEET'!$C$39,VLOOKUP($B74,PC_2,D$1+1,FALSE),1) -> 0 | E74: =MID('CiDi SHEET'!$C$39,VLOOKUP($B74,PC_2,E$1+1,FALSE),1) -> 0 | F74: =MID('CiDi SHEET'!$C$39,VLOOKUP($B74,PC_2,F$1+1,FALSE),1) -> 0 | G74: =MID('CiDi SHEET'!$C$39,VLOOKUP($B74,PC_2,G$1+1,FALSE),1) -> 0 | H74: =MID('CiDi SHEET'!$C$39,VLOOKUP($B74,PC_2,H$1+1,FALSE),1) -> 1 | I74: =CONCATENATE(C74,D74,E74,F74,G74,H74) -> 100001
B75: 2 | C75: =MID('CiDi SHEET'!$C$39,VLOOKUP($B75,PC_2,C$1+1,FALSE),1) -> 0 | D75: =MID('CiDi SHEET'!$C$39,VLOOKUP($B75,PC_2,D$1+1,FALSE),1) -> 0 | E75: =MID('CiDi SHEET'!$C$39,VLOOKUP($B75,PC_2,E$1+1,FALSE),1) -> 1 | F75: =MID('CiDi SHEET'!$C$39,VLOOKUP($B75,PC_2,F$1+1,FALSE),1) -> 0 | G75: =MID('CiDi SHEET'!$C$39,VLOOKUP($B75,PC_2,G$1+1,FALSE),1) -> 1 | H75: =MID('CiDi SHEET'!$C$39,VLOOKUP($B75,PC_2,H$1+1,FALSE),1) -> 1 | I75: =CONCATENATE(C75,D75,E75,F75,G75,H75) -> 001011
B76: 3 | C76: =MID('CiDi SHEET'!$C$39,VLOOKUP($B76,PC_2,C$1+1,FALSE),1) -> 1 | D76: =MID('CiDi SHEET'!$C$39,VLOOKUP($B76,PC_2,D$1+1,FALSE),1) -> 0 | E76: =MID('CiDi SHEET'!$C$39,VLOOKUP($B76,PC_2,E$1+1,FALSE),1) -> 1 | F76: =MID('CiDi SHEET'!$C$39,VLOOKUP($B76,PC_2,F$1+1,FALSE),1) -> 1 | G76: =MID('CiDi SHEET'!$C$39,VLOOKUP($B76,PC_2,G$1+1,FALSE),1) -> 0 | H76: =MID('CiDi SHEET'!$C$39,VLOOKUP($B76,PC_2,H$1+1,FALSE),1) -> 1 | I76: =CONCATENATE(C76,D76,E76,F76,G76,H76) -> 101101
B77: 4 | C77: =MID('CiDi SHEET'!$C$39,VLOOKUP($B77,PC_2,C$1+1,FALSE),1) -> 0 | D77: =MID('CiDi SHEET'!$C$39,VLOOKUP($B77,PC_2,D$1+1,FALSE),1) -> 0 | E77: =MID('CiDi SHEET'!$C$39,VLOOKUP($B77,PC_2,E$1+1,FALSE),1) -> 0 | F77: =MID('CiDi SHEET'!$C$39,VLOOKUP($B77,PC_2,F$1+1,FALSE),1) -> 1 | G77: =MID('CiDi SHEET'!$C$39,VLOOKUP($B77,PC_2,G$1+1,FALSE),1) -> 0 | H77: =MID('CiDi SHEET'!$C$39,VLOOKUP($B77,PC_2,H$1+1,FALSE),1) -> 0 | I77: =CONCATENATE(C77,D77,E77,F77,G77,H77) -> 000100
B78: 5 | C78: =MID('CiDi SHEET'!$C$39,VLOOKUP($B78,PC_2,C$1+1,FALSE),1) -> 0 | D78: =MID('CiDi SHEET'!$C$39,VLOOKUP($B78,PC_2,D$1+1,FALSE),1) -> 1 | E78: =MID('CiDi SHEET'!$C$39,VLOOKUP($B78,PC_2,E$1+1,FALSE),1) -> 1 | F78: =MID('CiDi SHEET'!$C$39,VLOOKUP($B78,PC_2,F$1+1,FALSE),1) -> 1 | G78: =MID('CiDi SHEET'!$C$39,VLOOKUP($B78,PC_2,G$1+1,FALSE),1) -> 0 | H78: =MID('CiDi SHEET'!$C$39,VLOOKUP($B78,PC_2,H$1+1,FALSE),1) -> 0 | I78: =CONCATENATE(C78,D78,E78,F78,G78,H78) -> 011100
B79: 6 | C79: =MID('CiDi SHEET'!$C$39,VLOOKUP($B79,PC_2,C$1+1,FALSE),1) -> 1 | D79: =MID('CiDi SHEET'!$C$39,VLOOKUP($B79,PC_2,D$1+1,FALSE),1) -> 1 | E79: =MID('CiDi SHEET'!$C$39,VLOOKUP($B79,PC_2,E$1+1,FALSE),1) -> 1 | F79: =MID('CiDi SHEET'!$C$39,VLOOKUP($B79,PC_2,F$1+1,FALSE),1) -> 1 | G79: =MID('CiDi SHEET'!$C$39,VLOOKUP($B79,PC_2,G$1+1,FALSE),1) -> 0 | H79: =MID('CiDi SHEET'!$C$39,VLOOKUP($B79,PC_2,H$1+1,FALSE),1) -> 1 | I79: =CONCATENATE(C79,D79,E79,F79,G79,H79) -> 111101
B80: 7 | C80: =MID('CiDi SHEET'!$C$39,VLOOKUP($B80,PC_2,C$1+1,FALSE),1) -> 1 | D80: =MID('CiDi SHEET'!$C$39,VLOOKUP($B80,PC_2,D$1+1,FALSE),1) -> 1 | E80: =MID('CiDi SHEET'!$C$39,VLOOKUP($B80,PC_2,E$1+1,FALSE),1) -> 0 | F80: =MID('CiDi SHEET'!$C$39,VLOOKUP($B80,PC_2,F$1+1,FALSE),1) -> 0 | G80: =MID('CiDi SHEET'!$C$39,VLOOKUP($B80,PC_2,G$1+1,FALSE),1) -> 1 | H80: =MID('CiDi SHEET'!$C$39,VLOOKUP($B80,PC_2,H$1+1,FALSE),1) -> 1 | I80: =CONCATENATE(C80,D80,E80,F80,G80,H80) -> 110011
B81: 8 | C81: =MID('CiDi SHEET'!$C$39,VLOOKUP($B81,PC_2,C$1+1,FALSE),1) -> 0 | D81: =MID('CiDi SHEET'!$C$39,VLOOKUP($B81,PC_2,D$1+1,FALSE),1) -> 0 | E81: =MID('CiDi SHEET'!$C$39,VLOOKUP($B81,PC_2,E$1+1,FALSE),1) -> 1 | F81: =MID('CiDi SHEET'!$C$39,VLOOKUP($B81,PC_2,F$1+1,FALSE),1) -> 1 | G81: =MID('CiDi SHEET'!$C$39,VLOOKUP($B81,PC_2,G$1+1,FALSE),1) -> 0 | H81: =MID('CiDi SHEET'!$C$39,VLOOKUP($B81,PC_2,H$1+1,FALSE),1) -> 0 | I81: =CONCATENATE(C81,D81,E81,F81,G81,H81) -> 001100
A82: K9 | B82: =CONCATENATE(I74,I75,I76,I77,I78,I79,I80,I81) -> 100001001011101101000100011100111101110011001100
A83: K10 | B83: 1 | C83: =MID('CiDi SHEET'!$C$40,VLOOKUP($B83,PC_2,C$1+1,FALSE),1) -> 0 | D83: =MID('CiDi SHEET'!$C$40,VLOOKUP($B83,PC_2,D$1+1,FALSE),1) -> 0 | E83: =MID('CiDi SHEET'!$C$40,VLOOKUP($B83,PC_2,E$1+1,FALSE),1) -> 0 | F83: =MID('CiDi SHEET'!$C$40,VLOOKUP($B83,PC_2,F$1+1,FALSE),1) -> 0 | G83: =MID('CiDi SHEET'!$C$40,VLOOKUP($B83,PC_2,G$1+1,FALSE),1) -> 0 | H83: =MID('CiDi SHEET'!$C$40,VLOOKUP($B83,PC_2,H$1+1,FALSE),1) -> 0 | I83: =CONCATENATE(C83,D83,E83,F83,G83,H83) -> 000000
B84: 2 | C84: =MID('CiDi SHEET'!$C$40,VLOOKUP($B84,PC_2,C$1+1,FALSE),1) -> 1 | D84: =MID('CiDi SHEET'!$C$40,VLOOKUP($B84,PC_2,D$1+1,FALSE),1) -> 0 | E84: =MID('CiDi SHEET'!$C$40,VLOOKUP($B84,PC_2,E$1+1,FALSE),1) -> 0 | F84: =MID('CiDi SHEET'!$C$40,VLOOKUP($B84,PC_2,F$1+1,FALSE),1) -> 1 | G84: =MID('CiDi SHEET'!$C$40,VLOOKUP($B84,PC_2,G$1+1,FALSE),1) -> 1 | H84: =MID('CiDi SHEET'!$C$40,VLOOKUP($B84,PC_2,H$1+1,FALSE),1) -> 1 | I84: =CONCATENATE(C84,D84,E84,F84,G84,H84) -> 100111
B85: 3 | C85: =MID('CiDi SHEET'!$C$40,VLOOKUP($B85,PC_2,C$1+1,FALSE),1) -> 0 | D85: =MID('CiDi SHEET'!$C$40,VLOOKUP($B85,PC_2,D$1+1,FALSE),1) -> 1 | E85: =MID('CiDi SHEET'!$C$40,VLOOKUP($B85,PC_2,E$1+1,FALSE),1) -> 1 | F85: =MID('CiDi SHEET'!$C$40,VLOOKUP($B85,PC_2,F$1+1,FALSE),1) -> 0 | G85: =MID('CiDi SHEET'!$C$40,VLOOKUP($B85,PC_2,G$1+1,FALSE),1) -> 0 | H85: =MID('CiDi SHEET'!$C$40,VLOOKUP($B85,PC_2,H$1+1,FALSE),1) -> 1 | I85: =CONCATENATE(C85,D85,E85,F85,G85,H85) -> 011001
B86: 4 | C86: =MID('CiDi SHEET'!$C$40,VLOOKUP($B86,PC_2,C$1+1,FALSE),1) -> 0 | D86: =MID('CiDi SHEET'!$C$40,VLOOKUP($B86,PC_2,D$1+1,FALSE),1) -> 1 | E86: =MID('CiDi SHEET'!$C$40,VLOOKUP($B86,PC_2,E$1+1,FALSE),1) -> 0 | F86: =MID('CiDi SHEET'!$C$40,VLOOKUP($B86,PC_2,F$1+1,FALSE),1) -> 1 | G86: =MID('CiDi SHEET'!$C$40,VLOOKUP($B86,PC_2,G$1+1,FALSE),1) -> 1 | H86: =MID('CiDi SHEET'!$C$40,VLOOKUP($B86,PC_2,H$1+1,FALSE),1) -> 1 | I86: =CONCATENATE(C86,D86,E86,F86,G86,H86) -> 010111
B87: 5 | C87: =MID('CiDi SHEET'!$C$40,VLOOKUP($B87,PC_2,C$1+1,FALSE),1) -> 0 | D87: =MID('CiDi SHEET'!$C$40,VLOOKUP($B87,PC_2,D$1+1,FALSE),1) -> 0 | E87: =MID('CiDi SHEET'!$C$40,VLOOKUP($B87,PC_2,E$1+1,FALSE),1) -> 0 | F87: =MID('CiDi SHEET'!$C$40,VLOOKUP($B87,PC_2,F$1+1,FALSE),1) -> 0 | G87: =MID('CiDi SHEET'!$C$40,VLOOKUP($B87,PC_2,G$1+1,FALSE),1) -> 1 | H87: =MID('CiDi SHEET'!$C$40,VLOOKUP($B87,PC_2,H$1+1,FALSE),1) -> 0 | I87: =CONCATENATE(C87,D87,E87,F87,G87,H87) -> 000010
B88: 6 | C88: =MID('CiDi SHEET'!$C$40,VLOOKUP($B88,PC_2,C$1+1,FALSE),1) -> 0 | D88: =MID('CiDi SHEET'!$C$40,VLOOKUP($B88,PC_2,D$1+1,FALSE),1) -> 0 | E88: =MID('CiDi SHEET'!$C$40,VLOOKUP($B88,PC_2,E$1+1,FALSE),1) -> 1 | F88: =MID('CiDi SHEET'!$C$40,VLOOKUP($B88,PC_2,F$1+1,FALSE),1) -> 0 | G88: =MID('CiDi SHEET'!$C$40,VLOOKUP($B88,PC_2,G$1+1,FALSE),1) -> 1 | H88: =MID('CiDi SHEET'!$C$40,VLOOKUP($B88,PC_2,H$1+1,FALSE),1) -> 1 | I88: =CONCATENATE(C88,D88,E88,F88,G88,H88) -> 001011
B89: 7 | C89: =MID('CiDi SHEET'!$C$40,VLOOKUP($B89,PC_2,C$1+1,FALSE),1) -> 0 | D89: =MID('CiDi SHEET'!$C$40,VLOOKUP($B89,PC_2,D$1+1,FALSE),1) -> 1 | E89: =MID('CiDi SHEET'!$C$40,VLOOKUP($B89,PC_2,E$1+1,FALSE),1) -> 0 | F89: =MID('CiDi SHEET'!$C$40,VLOOKUP($B89,PC_2,F$1+1,FALSE),1) -> 1 | G89: =MID('CiDi SHEET'!$C$40,VLOOKUP($B89,PC_2,G$1+1,FALSE),1) -> 1 | H89: =MID('CiDi SHEET'!$C$40,VLOOKUP($B89,PC_2,H$1+1,FALSE),1) -> 0 | I89: =CONCATENATE(C89,D89,E89,F89,G89,H89) -> 010110
B90: 8 | C90: =MID('CiDi SHEET'!$C$40,VLOOKUP($B90,PC_2,C$1+1,FALSE),1) -> 1 | D90: =MID('CiDi SHEET'!$C$40,VLOOKUP($B90,PC_2,D$1+1,FALSE),1) -> 1 | E90: =MID('CiDi SHEET'!$C$40,VLOOKUP($B90,PC_2,E$1+1,FALSE),1) -> 1 | F90: =MID('CiDi SHEET'!$C$40,VLOOKUP($B90,PC_2,F$1+1,FALSE),1) -> 1 | G90: =MID('CiDi SHEET'!$C$40,VLOOKUP($B90,PC_2,G$1+1,FALSE),1) -> 1 | H90: =MID('CiDi SHEET'!$C$40,VLOOKUP($B90,PC_2,H$1+1,FALSE),1) -> 1 | I90: =CONCATENATE(C90,D90,E90,F90,G90,H90) -> 111111
A91: K10 | B91: =CONCATENATE(I83,I84,I85,I86,I87,I88,I89,I90) -> 000000100111011001010111000010001011010110111111
A92: K11 | B92: 1 | C92: =MID('CiDi SHEET'!$C$41,VLOOKUP($B92,PC_2,C$1+1,FALSE),1) -> 0 | D92: =MID('CiDi SHEET'!$C$41,VLOOKUP($B92,PC_2,D$1+1,FALSE),1) -> 1 | E92: =MID('CiDi SHEET'!$C$41,VLOOKUP($B92,PC_2,E$1+1,FALSE),1) -> 1 | F92: =MID('CiDi SHEET'!$C$41,VLOOKUP($B92,PC_2,F$1+1,FALSE),1) -> 0 | G92: =MID('CiDi SHEET'!$C$41,VLOOKUP($B92,PC_2,G$1+1,FALSE),1) -> 1 | H92: =MID('CiDi SHEET'!$C$41,VLOOKUP($B92,PC_2,H$1+1,FALSE),1) -> 1 | I92: =CONCATENATE(C92,D92,E92,F92,G92,H92) -> 011011
B93: 2 | C93: =MID('CiDi SHEET'!$C$41,VLOOKUP($B93,PC_2,C$1+1,FALSE),1) -> 0 | D93: =MID('CiDi SHEET'!$C$41,VLOOKUP($B93,PC_2,D$1+1,FALSE),1) -> 1 | E93: =MID('CiDi SHEET'!$C$41,VLOOKUP($B93,PC_2,E$1+1,FALSE),1) -> 0 | F93: =MID('CiDi SHEET'!$C$41,VLOOKUP($B93,PC_2,F$1+1,FALSE),1) -> 1 | G93: =MID('CiDi SHEET'!$C$41,VLOOKUP($B93,PC_2,G$1+1,FALSE),1) -> 0 | H93: =MID('CiDi SHEET'!$C$41,VLOOKUP($B93,PC_2,H$1+1,FALSE),1) -> 1 | I93: =CONCATENATE(C93,D93,E93,F93,G93,H93) -> 010101
B94: 3 | C94: =MID('CiDi SHEET'!$C$41,VLOOKUP($B94,PC_2,C$1+1,FALSE),1) -> 0 | D94: =MID('CiDi SHEET'!$C$41,VLOOKUP($B94,PC_2,D$1+1,FALSE),1) -> 1 | E94: =MID('CiDi SHEET'!$C$41,VLOOKUP($B94,PC_2,E$1+1,FALSE),1) -> 0 | F94: =MID('CiDi SHEET'!$C$41,VLOOKUP($B94,PC_2,F$1+1,FALSE),1) -> 1 | G94: =MID('CiDi SHEET'!$C$41,VLOOKUP($B94,PC_2,G$1+1,FALSE),1) -> 0 | H94: =MID('CiDi SHEET'!$C$41,VLOOKUP($B94,PC_2,H$1+1,FALSE),1) -> 1 | I94: =CONCATENATE(C94,D94,E94,F94,G94,H94) -> 010101
B95: 4 | C95: =MID('CiDi SHEET'!$C$41,VLOOKUP($B95,PC_2,C$1+1,FALSE),1) -> 1 | D95: =MID('CiDi SHEET'!$C$41,VLOOKUP($B95,PC_2,D$1+1,FALSE),1) -> 0 | E95: =MID('CiDi SHEET'!$C$41,VLOOKUP($B95,PC_2,E$1+1,FALSE),1) -> 0 | F95: =MID('CiDi SHEET'!$C$41,VLOOKUP($B95,PC_2,F$1+1,FALSE),1) -> 0 | G95: =MID('CiDi SHEET'!$C$41,VLOOKUP($B95,PC_2,G$1+1,FALSE),1) -> 0 | H95: =MID('CiDi SHEET'!$C$41,VLOOKUP($B95,PC_2,H$1+1,FALSE),1) -> 0 | I95: =CONCATENATE(C95,D95,E95,F95,G95,H95) -> 100000
B96: 5 | C96: =MID('CiDi SHEET'!$C$41,VLOOKUP($B96,PC_2,C$1+1,FALSE),1) -> 1 | D96: =MID('CiDi SHEET'!$C$41,VLOOKUP($B96,PC_2,D$1+1,FALSE),1) -> 0 | E96: =MID('CiDi SHEET'!$C$41,VLOOKUP($B96,PC_2,E$1+1,FALSE),1) -> 1 | F96: =MID('CiDi SHEET'!$C$41,VLOOKUP($B96,PC_2,F$1+1,FALSE),1) -> 0 | G96: =MID('CiDi SHEET'!$C$41,VLOOKUP($B96,PC_2,G$1+1,FALSE),1) -> 1 | H96: =MID('CiDi SHEET'!$C$41,VLOOKUP($B96,PC_2,H$1+1,FALSE),1) -> 1 | I96: =CONCATENATE(C96,D96,E96,F96,G96,H96) -> 101011
B97: 6 | C97: =MID('CiDi SHEET'!$C$41,VLOOKUP($B97,PC_2,C$1+1,FALSE),1) -> 1 | D97: =MID('CiDi SHEET'!$C$41,VLOOKUP($B97,PC_2,D$1+1,FALSE),1) -> 1 | E97: =MID('CiDi SHEET'!$C$41,VLOOKUP($B97,PC_2,E$1+1,FALSE),1) -> 0 | F97: =MID('CiDi SHEET'!$C$41,VLOOKUP($B97,PC_2,F$1+1,FALSE),1) -> 1 | G97: =MID('CiDi SHEET'!$C$41,VLOOKUP($B97,PC_2,G$1+1,FALSE),1) -> 1 | H97: =MID('CiDi SHEET'!$C$41,VLOOKUP($B97,PC_2,H$1+1,FALSE),1) -> 1 | I97: =CONCATENATE(C97,D97,E97,F97,G97,H97) -> 110111
B98: 7 | C98: =MID('CiDi SHEET'!$C$41,VLOOKUP($B98,PC_2,C$1+1,FALSE),1) -> 1 | D98: =MID('CiDi SHEET'!$C$41,VLOOKUP($B98,PC_2,D$1+1,FALSE),1) -> 1 | E98: =MID('CiDi SHEET'!$C$41,VLOOKUP($B98,PC_2,E$1+1,FALSE),1) -> 0 | F98: =MID('CiDi SHEET'!$C$41,VLOOKUP($B98,PC_2,F$1+1,FALSE),1) -> 0 | G98: =MID('CiDi SHEET'!$C$41,VLOOKUP($B98,PC_2,G$1+1,FALSE),1) -> 1 | H98: =MID('CiDi SHEET'!$C$41,VLOOKUP($B98,PC_2,H$1+1,FALSE),1) -> 0 | I98: =CONCATENATE(C98,D98,E98,F98,G98,H98) -> 110010
B99: 8 | C99: =MID('CiDi SHEET'!$C$41,VLOOKUP($B99,PC_2,C$1+1,FALSE),1) -> 1 | D99: =MID('CiDi SHEET'!$C$41,VLOOKUP($B99,PC_2,D$1+1,FALSE),1) -> 0 | E99: =MID('CiDi SHEET'!$C$41,VLOOKUP($B99,PC_2,E$1+1,FALSE),1) -> 0 | F99: =MID('CiDi SHEET'!$C$41,VLOOKUP($B99,PC_2,F$1+1,FALSE),1) -> 1 | G99: =MID('CiDi SHEET'!$C$41,VLOOKUP($B99,PC_2,G$1+1,FALSE),1) -> 0 | H99: =MID('CiDi SHEET'!$C$41,VLOOKUP($B99,PC_2,H$1+1,FALSE),1) -> 1 | I99: =CONCATENATE(C99,D99,E99,F99,G99,H99) -> 100101
A100: K11 | B100: =CONCATENATE(I92,I93,I94,I95,I96,I97,I98,I99) -> 011011010101010101100000101011110111110010100101
...

Sheet R1
A1: Ln | B1: = | C1: Rn-1
A2: Rn | B2: = | C2: Ln-1 + f(Rn-1,Kn)
A4: n | B4: = | C4: 1
A5: K1 | C5: =Kn!O2 -> 000110010100110011010000011100101101111010001100
A6: L1=R0 | C6: ='IO SHEET'!B24 -> 00011000110010100001100010101101
C7: 1 | D7: 2 | E7: 3 | F7: 4 | G7: 5 | H7: 6
A8: E(R0) | B8: 1 | C8: =MID($C$6,VLOOKUP($B8,E_BIT,C$7+1,FALSE),1) -> 1 | D8: =MID($C$6,VLOOKUP($B8,E_BIT,D$7+1,FALSE),1) -> 0 | E8: =MID($C$6,VLOOKUP($B8,E_BIT,E$7+1,FALSE),1) -> 0 | F8: =MID($C$6,VLOOKUP($B8,E_BIT,F$7+1,FALSE),1) -> 0 | G8: =MID($C$6,VLOOKUP($B8,E_BIT,G$7+1,FALSE),1) -> 1 | H8: =MID($C$6,VLOOKUP($B8,E_BIT,H$7+1,FALSE),1) -> 1 | I8: =CONCATENATE(C8,D8,E8,F8,G8,H8) -> 100011
B9: 2 | C9: =MID($C$6,VLOOKUP($B9,E_BIT,C$7+1,FALSE),1) -> 1 | D9: =MID($C$6,VLOOKUP($B9,E_BIT,D$7+1,FALSE),1) -> 1 | E9: =MID($C$6,VLOOKUP($B9,E_BIT,E$7+1,FALSE),1) -> 0 | F9: =MID($C$6,VLOOKUP($B9,E_BIT,F$7+1,FALSE),1) -> 0 | G9: =MID($C$6,VLOOKUP($B9,E_BIT,G$7+1,FALSE),1) -> 0 | H9: =MID($C$6,VLOOKUP($B9,E_BIT,H$7+1,FALSE),1) -> 1 | I9: =CONCATENATE(C9,D9,E9,F9,G9,H9) -> 110001
B10: 3 | C10: =MID($C$6,VLOOKUP($B10,E_BIT,C$7+1,FALSE),1) -> 0 | D10: =MID($C$6,VLOOKUP($B10,E_BIT,D$7+1,FALSE),1) -> 1 | E10: =MID($C$6,VLOOKUP($B10,E_BIT,E$7+1,FALSE),1) -> 1 | F10: =MID($C$6,VLOOKUP($B10,E_BIT,F$7+1,FALSE),1) -> 0 | G10: =MID($C$6,VLOOKUP($B10,E_BIT,G$7+1,FALSE),1) -> 0 | H10: =MID($C$6,VLOOKUP($B10,E_BIT,H$7+1,FALSE),1) -> 1 | I10: =CONCATENATE(C10,D10,E10,F10,G10,H10) -> 011001
B11: 4 | C11: =MID($C$6,VLOOKUP($B11,E_BIT,C$7+1,FALSE),1) -> 0 | D11: =MID($C$6,VLOOKUP($B11,E_BIT,D$7+1,FALSE),1) -> 1 | E11: =MID($C$6,VLOOKUP($B11,E_BIT,E$7+1,FALSE),1) -> 0 | F11: =MID($C$6,VLOOKUP($B11,E_BIT,F$7+1,FALSE),1) -> 1 | G11: =MID($C$6,VLOOKUP($B11,E_BIT,G$7+1,FALSE),1) -> 0 | H11: =MID($C$6,VLOOKUP($B11,E_BIT,H$7+1,FALSE),1) -> 0 | I11: =CONCATENATE(C11,D11,E11,F11,G11,H11) -> 010100
B12: 5 | C12: =MID($C$6,VLOOKUP($B12,E_BIT,C$7+1,FALSE),1) -> 0 | D12: =MID($C$6,VLOOKUP($B12,E_BIT,D$7+1,FALSE),1) -> 0 | E12: =MID($C$6,VLOOKUP($B12,E_BIT,E$7+1,FALSE),1) -> 0 | F12: =MID($C$6,VLOOKUP($B12,E_BIT,F$7+1,FALSE),1) -> 0 | G12: =MID($C$6,VLOOKUP($B12,E_BIT,G$7+1,FALSE),1) -> 1 | H12: =MID($C$6,VLOOKUP($B12,E_BIT,H$7+1,FALSE),1) -> 1 | I12: =CONCATENATE(C12,D12,E12,F12,G12,H12) -> 000011
B13: 6 | C13: =MID($C$6,VLOOKUP($B13,E_BIT,C$7+1,FALSE),1) -> 1 | D13: =MID($C$6,VLOOKUP($B13,E_BIT,D$7+1,FALSE),1) -> 1 | E13: =MID($C$6,VLOOKUP($B13,E_BIT,E$7+1,FALSE),1) -> 0 | F13: =MID($C$6,VLOOKUP($B13,E_BIT,F$7+1,FALSE),1) -> 0 | G13: =MID($C$6,VLOOKUP($B13,E_BIT,G$7+1,FALSE),1) -> 0 | H13: =MID($C$6,VLOOKUP($B13,E_BIT,H$7+1,FALSE),1) -> 1 | I13: =CONCATENATE(C13,D13,E13,F13,G13,H13) -> 110001
B14: 7 | C14: =MID($C$6,VLOOKUP($B14,E_BIT,C$7+1,FALSE),1) -> 0 | D14: =MID($C$6,VLOOKUP($B14,E_BIT,D$7+1,FALSE),1) -> 1 | E14: =MID($C$6,VLOOKUP($B14,E_BIT,E$7+1,FALSE),1) -> 0 | F14: =MID($C$6,VLOOKUP($B14,E_BIT,F$7+1,FALSE),1) -> 1 | G14: =MID($C$6,VLOOKUP($B14,E_BIT,G$7+1,FALSE),1) -> 0 | H14: =MID($C$6,VLOOKUP($B14,E_BIT,H$7+1,FALSE),1) -> 1 | I14: =CONCATENATE(C14,D14,E14,F14,G14,H14) -> 010101
B15: 8 | C15: =MID($C$6,VLOOKUP($B15,E_BIT,C$7+1,FALSE),1) -> 0 | D15: =MID($C$6,VLOOKUP($B15,E_BIT,D$7+1,FALSE),1) -> 1 | E15: =MID($C$6,VLOOKUP($B15,E_BIT,E$7+1,FALSE),1) -> 1 | F15: =MID($C$6,VLOOKUP($B15,E_BIT,F$7+1,FALSE),1) -> 0 | G15: =MID($C$6,VLOOKUP($B15,E_BIT,G$7+1,FALSE),1) -> 1 | H15: =MID($C$6,VLOOKUP($B15,E_BIT,H$7+1,FALSE),1) -> 0 | I15: =CONCATENATE(C15,D15,E15,F15,G15,H15) -> 011010
A16: E(R0) | B16: =CONCATENATE(I8,I9,I10,I11,I12,I13,I14,I15) -> 100011110001011001010100000011110001010101011010
A18: BITS | B18: 1 | C18: 2 | D18: 3 | E18: 4 | F18: 5 | G18: 6 | H18: 7 | I18: 8 | J18: 9 | K18: 10 | L18: 11 | M18: 12 | N18: 13 | O18: 14 | P18: 15 | Q18: 16 | R18: 17 | S18: 18 | T18: 19 | U18: 20 | V18: 21 | W18: 22 | X18: 23 | Y18: 24 | Z18: 25 | AA18: 26 | AB18: 27 | AC18: 28 | AD18: 29 | AE18: 30 | AF18: 31 | AG18: 32 | AH18: 33 | AI18: 34 | AJ18: 35 | AK18: 36 | AL18: 37 | AM18: 38 | AN18: 39 | AO18: 40 | AP18: 41 | AQ18: 42 | AR18: 43 | AS18: 44 | AT18: 45 | AU18: 46 | AV18: 47 | AW18: 48
A19: K1 | B19: =MID($C$5,B18,1) -> 0 | C19: =MID($C$5,C18,1) -> 0 | D19: =MID($C$5,D18,1) -> 0 | E19: =MID($C$5,E18,1) -> 1 | F19: =MID($C$5,F18,1) -> 1 | G19: =MID($C$5,G18,1) -> 0 | H19: =MID($C$5,H18,1) -> 0 | I19: =MID($C$5,I18,1) -> 1 | ... AW19: =MID($C$5,AW18,1) -> 0
A20: E(R0) | B20: =MID($B$16,B18,1) -> 1 | C20: =MID($B$16,C18,1) -> 0 | D20: =MID($B$16,D18,1) -> 0 | E20: =MID($B$16,E18,1) -> 0 | F20: =MID($B$16,F18,1) -> 1 | G20: =MID($B$16,G18,1) -> 1 | H20: =MID($B$16,H18,1) -> 1 | I20: =MID($B$16,I18,1) -> 1 | ... AW20: =MID($B$16,AW18,1) -> 0
A21: K1+E(R0) | B21: =IF(B19=B20,0,1) -> 1 | C21: =IF(C19=C20,0,1) -> 0 | D21: =IF(D19=D20,0,1) -> 0 | E21: =IF(E19=E20,0,1) -> 1 | F21: =IF(F19=F20,0,1) -> 0 | G21: =IF(G19=G20,0,1) -> 1 | H21: =IF(H19=H20,0,1) -> 1 | I21: =IF(I19=I20,0,1) -> 0 | ... AW21: =IF(AW19=AW20,0,1) -> 0
B22: 1 | C22: 2 | D22: 3 | E22: 4 | F22: 5 | G22: 6 | H22: 16 | I22: 2345 | J22: D16 | K22: D2345 | L22: P
A23: B1 | B23: =B21 -> 1 | C23: =C21 -> 0 | D23: =D21 -> 0 | E23: =E21 -> 1 | F23: =F21 -> 0 | G23: =G21 -> 1 | H23: =CONCATENATE(B23,G23) -> 11 | I23: =CONCATENATE(C23,D23,E23,F23) -> 0010 | J23: =BIN2DEC(H23) -> 3 | K23: =BIN2DEC(I23) -> 2 | L23: =VLOOKUP(J23,S1_BOX,K23+2,FALSE) -> 8 | M23: =DEC2BIN(L23,4) -> 1000
A24: B2 | B24: =H21 -> 1 | C24: =I21 -> 0 | D24: =J21 -> 0 | E24: =K21 -> 1 | F24: =L21 -> 0 | G24: =M21 -> 1 | H24: =CONCATENATE(B24,G24) -> 11 | I24: =CONCATENATE(C24,D24,E24,F24) -> 0010 | J24: =BIN2DEC(H24) -> 3 | K24: =BIN2DEC(I24) -> 2 | L24: =VLOOKUP(J24,S2_BOX,K24+2,FALSE) -> 10 | M24: =DEC2BIN(L24,4) -> 1010
A25: B3 | B25: =N21 -> 1 | C25: =O21 -> 0 | D25: =P21 -> 1 | E25: =Q21 -> 0 | F25: =R21 -> 1 | G25: =S21 -> 0 | H25: =CONCATENATE(B25,G25) -> 10 | I25: =CONCATENATE(C25,D25,E25,F25) -> 0101 | J25: =BIN2DEC(H25) -> 2 | K25: =BIN2DEC(I25) -> 5 | L25: =VLOOKUP(J25,S3_BOX,K25+2,FALSE) -> 15 | M25: =DEC2BIN(L25,4) -> 1111
A26: B4 | B26: =T21 -> 0 | C26: =U21 -> 0 | D26: =V21 -> 0 | E26: =W21 -> 1 | F26: =X21 -> 0 | G26: =Y21 -> 0 | H26: =CONCATENATE(B26,G26) -> 00 | I26: =CONCATENATE(C26,D26,E26,F26) -> 0010 | J26: =BIN2DEC(H26) -> 0 | K26: =BIN2DEC(I26) -> 2 | L26: =VLOOKUP(J26,S4_BOX,K26+2,FALSE) -> 14 | M26: =DEC2BIN(L26,4) -> 1110
A27: B5 | B27: =Z21 -> 0 | C27: =AA21 -> 1 | D27: =AB21 -> 1 | E27: =AC21 -> 1 | F27: =AD21 -> 1 | G27: =AE21 -> 1 | H27: =CONCATENATE(B27,G27) -> 01 | I27: =CONCATENATE(C27,D27,E27,F27) -> 1111 | J27: =BIN2DEC(H27) -> 1 | K27: =BIN2DEC(I27) -> 15 | L27: =VLOOKUP(J27,S5_BOX,K27+2,FALSE) -> 6 | M27: =DEC2BIN(L27,4) -> 0110
A28: B6 | B28: =AF21 -> 0 | C28: =AG21 -> 1 | D28: =AH21 -> 1 | E28: =AI21 -> 1 | F28: =AJ21 -> 0 | G28: =AK21 -> 0 | H28: =CONCATENATE(B28,G28) -> 00 | I28: =CONCATENATE(C28,D28,E28,F28) -> 1110 | J28: =BIN2DEC(H28) -> 0 | K28: =BIN2DEC(I28) -> 14 | L28: =VLOOKUP(J28,S6_BOX,K28+2,FALSE) -> 5 | M28: =DEC2BIN(L28,4) -> 0101
A29: B7 | B29: =AL21 -> 1 | C29: =AM21 -> 0 | D29: =AN21 -> 1 | E29: =AO21 -> 1 | F29: =AP21 -> 1 | G29: =AQ21 -> 1 | H29: =CONCATENATE(B29,G29) -> 11 | I29: =CONCATENATE(C29,D29,E29,F29) -> 0111 | J29: =BIN2DEC(H29) -> 3 | K29: =BIN2DEC(I29) -> 7 | L29: =VLOOKUP(J29,S7_BOX,K29+2,FALSE) -> 7 | M29: =DEC2BIN(L29,4) -> 0111
A30: B8 | B30: =AR21 -> 0 | C30: =AS21 -> 1 | D30: =AT21 -> 0 | E30: =AU21 -> 1 | F30: =AV21 -> 1 | G30: =AW21 -> 0 | H30: =CONCATENATE(B30,G30) -> 00 | I30: =CONCATENATE(C30,D30,E30,F30) -> 1011 | J30: =BIN2DEC(H30) -> 0 | K30: =BIN2DEC(I30) -> 11 | L30: =VLOOKUP(J30,S8_BOX,K30+2,FALSE) -> 14 | M30: =DEC2BIN(L30,4) -> 1110
A31: S1B1..SnBn | B31: =CONCATENATE(M23,M24,M25,M26,M27,M28,M29,M30) -> 10001010111111100110010101111110
A33: PSnBn | C33: 1 | D33: 2 | E33: 3 | F33: 4
B34: 1 | C34: =MID($B$31,VLOOKUP($B34,P,C$33+1,FALSE),1) -> 0 | D34: =MID($B$31,VLOOKUP($B34,P,D$33+1,FALSE),1) -> 1 | E34: =MID($B$31,VLOOKUP($B34,P,E$33+1,FALSE),1) -> 0 | F34: =MID($B$31,VLOOKUP($B34,P,F$33+1,FALSE),1) -> 0 | G34: =CONCATENATE(C34,D34,E34,F34) -> 0100
B35: 2 | C35: =MID($B$31,VLOOKUP($B35,P,C$33+1,FALSE),1) -> 1 | D35: =MID($B$31,VLOOKUP($B35,P,D$33+1,FALSE),1) -> 1 | E35: =MID($B$31,VLOOKUP($B35,P,E$33+1,FALSE),1) -> 1 | F35: =MID($B$31,VLOOKUP($B35,P,F$33+1,FALSE),1) -> 0 | G35: =CONCATENATE(C35,D35,E35,F35) -> 1110
B36: 3 | C36: =MID($B$31,VLOOKUP($B36,P,C$33+1,FALSE),1) -> 1 | D36: =MID($B$31,VLOOKUP($B36,P,D$33+1,FALSE),1) -> 1 | E36: =MID($B$31,VLOOKUP($B36,P,E$33+1,FALSE),1) -> 0 | F36: =MID($B$31,VLOOKUP($B36,P,F$33+1,FALSE),1) -> 1 | G36: =CONCATENATE(C36,D36,E36,F36) -> 1101
B37: 4 | C37: =MID($B$31,VLOOKUP($B37,P,C$33+1,FALSE),1) -> 1 | D37: =MID($B$31,VLOOKUP($B37,P,D$33+1,FALSE),1) -> 1 | E37: =MID($B$31,VLOOKUP($B37,P,E$33+1,FALSE),1) -> 1 | F37: =MID($B$31,VLOOKUP($B37,P,F$33+1,FALSE),1) -> 1 | G37: =CONCATENATE(C37,D37,E37,F37) -> 1111
B38: 5 | C38: =MID($B$31,VLOOKUP($B38,P,C$33+1,FALSE),1) -> 0 | D38: =MID($B$31,VLOOKUP($B38,P,D$33+1,FALSE),1) -> 0 | E38: =MID($B$31,VLOOKUP($B38,P,E$33+1,FALSE),1) -> 1 | F38: =MID($B$31,VLOOKUP($B38,P,F$33+1,FALSE),1) -> 1 | G38: =CONCATENATE(C38,D38,E38,F38) -> 0011
B39: 6 | C39: =MID($B$31,VLOOKUP($B39,P,C$33+1,FALSE),1) -> 0 | D39: =MID($B$31,VLOOKUP($B39,P,D$33+1,FALSE),1) -> 1 | E39: =MID($B$31,VLOOKUP($B39,P,E$33+1,FALSE),1) -> 0 | F39: =MID($B$31,VLOOKUP($B39,P,F$33+1,FALSE),1) -> 1 | G39: =CONCATENATE(C39,D39,E39,F39) -> 0101
B40: 7 | C40: =MID($B$31,VLOOKUP($B40,P,C$33+1,FALSE),1) -> 1 | D40: =MID($B$31,VLOOKUP($B40,P,D$33+1,FALSE),1) -> 1 | E40: =MID($B$31,VLOOKUP($B40,P,E$33+1,FALSE),1) -> 1 | F40: =MID($B$31,VLOOKUP($B40,P,F$33+1,FALSE),1) -> 0 | G40: =CONCATENATE(C40,D40,E40,F40) -> 1110
B41: 8 | C41: =MID($B$31,VLOOKUP($B41,P,C$33+1,FALSE),1) -> 1 | D41: =MID($B$31,VLOOKUP($B41,P,D$33+1,FALSE),1) -> 1 | E41: =MID($B$31,VLOOKUP($B41,P,E$33+1,FALSE),1) -> 0 | F41: =MID($B$31,VLOOKUP($B41,P,F$33+1,FALSE),1) -> 0 | G41: =CONCATENATE(C41,D41,E41,F41) -> 1100
B42: 1 | C42: 2 | D42: 3 | E42: 4 | F42: 5 | G42: 6 | H42: 7 | I42: 8 | J42: 9 | K42: 10 | L42: 11 | M42: 12 | N42: 13 | O42: 14 | P42: 15 | Q42: 16 | R42: 17 | S42: 18 | T42: 19 | U42: 20 | V42: 21 | W42: 22 | X42: 23 | Y42: 24 | Z42: 25 | AA42: 26 | AB42: 27 | AC42: 28 | AD42: 29 | AE42: 30 | AF42: 31 | AG42: 32
A43: f | B43: =CONCATENATE(G34,G35,G36,G37,G38,G39,G40,G41) -> 01001110110111110011010111101100
B44: =MID($B$43,B42,1) -> 0 | C44: =MID($B$43,C42,1) -> 1 | D44: =MID($B$43,D42,1) -> 0 | E44: =MID($B$43,E42,1) -> 0 | F44: =MID($B$43,F42,1) -> 1 | G44: =MID($B$43,G42,1) -> 1 | H44: =MID($B$43,H42,1) -> 1 | I44: =MID($B$43,I42,1) -> 0 | ... AG44: =MID($B$43,AG42,1) -> 0
A45: L0 | B45: ='IO SHEET'!B23 -> 00010100101001111101011001111000
B46: =MID($B$45,B42,1) -> 0 | C46: =MID($B$45,C42,1) -> 0 | D46: =MID($B$45,D42,1) -> 0 | E46: =MID($B$45,E42,1) -> 1 | F46: =MID($B$45,F42,1) -> 0 | G46: =MID($B$45,G42,1) -> 1 | H46: =MID($B$45,H42,1) -> 0 | I46: =MID($B$45,I42,1) -> 0 | ... AG46: =MID($B$45,AG42,1) -> 0
A47: R1 | B47: =IF(B44=B46,0,1) -> 0 | C47: =IF(C44=C46,0,1) -> 1 | D47: =IF(D44=D46,0,1) -> 0 | E47: =IF(E44=E46,0,1) -> 1 | F47: =IF(F44=F46,0,1) -> 1 | G47: =IF(G44=G46,0,1) -> 0 | H47: =IF(H44=H46,0,1) -> 1 | I47: =IF(I44=I46,0,1) -> 0 | ... AG47: =IF(AG44=AG46,0,1) -> 0
B48: =CONCATENATE(B47,C47,D47,E47) -> 0101 | F48: =CONCATENATE(F47,G47,H47,I47) -> 1010 | J48: =CONCATENATE(J47,K47,L47,M47) -> 0111 | N48: =CONCATENATE(N47,O47,P47,Q47) -> 1000 | R48: =CONCATENATE(R47,S47,T47,U47) -> 1110 | V48: =CONCATENATE(V47,W47,X47,Y47) -> 0011 | Z48: =CONCATENATE(Z47,AA47,AB47,AC47) -> 1001 | AD48: =CONCATENATE(AD47,AE47,AF47,AG47) -> 0100
A49: R1 | B49: =CONCATENATE(B48,F48,J48,N48,R48,V48,Z48,AD48) -> 01011010011110001110001110010100
A50: R1hex | B50: =CONCATENATE(BIN2HEX(B48),BIN2HEX(F48),BIN2HEX(J48),BIN2HEX(N48),BIN2HEX(R48),BIN2HEX(V48),BIN2HEX(Z48),BIN2HEX(AD48)) -> 5A78E394

Sheet R2
A1: Ln | B1: = | C1: Rn-1
A2: Rn | B2: = | C2: Ln-1 + f(Rn-1,Kn)
A4: n | B4: = | C4: 2
A5: =CONCATENATE("K",C4) -> K2 | C5: =Kn!O3 -> 010001010110100001011000000110101011110011001110
A6: =CONCATENATE("L",C4," =") -> L2 = | B6: =CONCATENATE("R",(C4-1)) -> R1 | C6: ='R1'!B49 -> 01011010011110001110001110010100
C7: 1 | D7: 2 | E7: 3 | F7: 4 | G7: 5 | H7: 6
A8: =CONCATENATE("E", "(",B6,")") -> E(R1) | B8: 1 | C8: =MID($C$6,VLOOKUP($B8,E_BIT,C$7+1,FALSE),1) -> 0 | D8: =MID($C$6,VLOOKUP($B8,E_BIT,D$7+1,FALSE),1) -> 0 | E8: =MID($C$6,VLOOKUP($B8,E_BIT,E$7+1,FALSE),1) -> 1 | F8: =MID($C$6,VLOOKUP($B8,E_BIT,F$7+1,FALSE),1) -> 0 | G8: =MID($C$6,VLOOKUP($B8,E_BIT,G$7+1,FALSE),1) -> 1 | H8: =MID($C$6,VLOOKUP($B8,E_BIT,H$7+1,FALSE),1) -> 1 | I8: =CONCATENATE(C8,D8,E8,F8,G8,H8) -> 001011
B9: 2 | C9: =MID($C$6,VLOOKUP($B9,E_BIT,C$7+1,FALSE),1) -> 1 | D9: =MID($C$6,VLOOKUP($B9,E_BIT,D$7+1,FALSE),1) -> 1 | E9: =MID($C$6,VLOOKUP($B9,E_BIT,E$7+1,FALSE),1) -> 0 | F9: =MID($C$6,VLOOKUP($B9,E_BIT,F$7+1,FALSE),1) -> 1 | G9: =MID($C$6,VLOOKUP($B9,E_BIT,G$7+1,FALSE),1) -> 0 | H9: =MID($C$6,VLOOKUP($B9,E_BIT,H$7+1,FALSE),1) -> 0 | I9: =CONCATENATE(C9,D9,E9,F9,G9,H9) -> 110100
B10: 3 | C10: =MID($C$6,VLOOKUP($B10,E_BIT,C$7+1,FALSE),1) -> 0 | D10: =MID($C$6,VLOOKUP($B10,E_BIT,D$7+1,FALSE),1) -> 0 | E10: =MID($C$6,VLOOKUP($B10,E_BIT,E$7+1,FALSE),1) -> 1 | F10: =MID($C$6,VLOOKUP($B10,E_BIT,F$7+1,FALSE),1) -> 1 | G10: =MID($C$6,VLOOKUP($B10,E_BIT,G$7+1,FALSE),1) -> 1 | H10: =MID($C$6,VLOOKUP($B10,E_BIT,H$7+1,FALSE),1) -> 1 | I10: =CONCATENATE(C10,D10,E10,F10,G10,H10) -> 001111
B11: 4 | C11: =MID($C$6,VLOOKUP($B11,E_BIT,C$7+1,FALSE),1) -> 1 | D11: =MID($C$6,VLOOKUP($B11,E_BIT,D$7+1,FALSE),1) -> 1 | E11: =MID($C$6,VLOOKUP($B11,E_BIT,E$7+1,FALSE),1) -> 0 | F11: =MID($C$6,VLOOKUP($B11,E_BIT,F$7+1,FALSE),1) -> 0 | G11: =MID($C$6,VLOOKUP($B11,E_BIT,G$7+1,FALSE),1) -> 0 | H11: =MID($C$6,VLOOKUP($B11,E_BIT,H$7+1,FALSE),1) -> 1 | I11: =CONCATENATE(C11,D11,E11,F11,G11,H11) -> 110001
B12: 5 | C12: =MID($C$6,VLOOKUP($B12,E_BIT,C$7+1,FALSE),1) -> 0 | D12: =MID($C$6,VLOOKUP($B12,E_BIT,D$7+1,FALSE),1) -> 1 | E12: =MID($C$6,VLOOKUP($B12,E_BIT,E$7+1,FALSE),1) -> 1 | F12: =MID($C$6,VLOOKUP($B12,E_BIT,F$7+1,FALSE),1) -> 1 | G12: =MID($C$6,VLOOKUP($B12,E_BIT,G$7+1,FALSE),1) -> 0 | H12: =MID($C$6,VLOOKUP($B12,E_BIT,H$7+1,FALSE),1) -> 0 | I12: =CONCATENATE(C12,D12,E12,F12,G12,H12) -> 011100
B13: 6 | C13: =MID($C$6,VLOOKUP($B13,E_BIT,C$7+1,FALSE),1) -> 0 | D13: =MID($C$6,VLOOKUP($B13,E_BIT,D$7+1,FALSE),1) -> 0 | E13: =MID($C$6,VLOOKUP($B13,E_BIT,E$7+1,FALSE),1) -> 0 | F13: =MID($C$6,VLOOKUP($B13,E_BIT,F$7+1,FALSE),1) -> 1 | G13: =MID($C$6,VLOOKUP($B13,E_BIT,G$7+1,FALSE),1) -> 1 | H13: =MID($C$6,VLOOKUP($B13,E_BIT,H$7+1,FALSE),1) -> 1 | I13: =CONCATENATE(C13,D13,E13,F13,G13,H13) -> 000111
B14: 7 | C14: =MID($C$6,VLOOKUP($B14,E_BIT,C$7+1,FALSE),1) -> 1 | D14: =MID($C$6,VLOOKUP($B14,E_BIT,D$7+1,FALSE),1) -> 1 | E14: =MID($C$6,VLOOKUP($B14,E_BIT,E$7+1,FALSE),1) -> 0 | F14: =MID($C$6,VLOOKUP($B14,E_BIT,F$7+1,FALSE),1) -> 0 | G14: =MID($C$6,VLOOKUP($B14,E_BIT,G$7+1,FALSE),1) -> 1 | H14: =MID($C$6,VLOOKUP($B14,E_BIT,H$7+1,FALSE),1) -> 0 | I14: =CONCATENATE(C14,D14,E14,F14,G14,H14) -> 110010
B15: 8 | C15: =MID($C$6,VLOOKUP($B15,E_BIT,C$7+1,FALSE),1) -> 1 | D15: =MID($C$6,VLOOKUP($B15,E_BIT,D$7+1,FALSE),1) -> 0 | E15: =MID($C$6,VLOOKUP($B15,E_BIT,E$7+1,FALSE),1) -> 1 | F15: =MID($C$6,VLOOKUP($B15,E_BIT,F$7+1,FALSE),1) -> 0 | G15: =MID($C$6,VLOOKUP($B15,E_BIT,G$7+1,FALSE),1) -> 0 | H15: =MID($C$6,VLOOKUP($B15,E_BIT,H$7+1,FALSE),1) -> 0 | I15: =CONCATENATE(C15,D15,E15,F15,G15,H15) -> 101000
A16: =A8 -> E(R1) | B16: =CONCATENATE(I8,I9,I10,I11,I12,I13,I14,I15) -> 001011110100001111110001011100000111110010101000
A18: BITS | B18: 1 | C18: 2 | D18: 3 | E18: 4 | F18: 5 | G18: 6 | H18: 7 | I18: 8 | J18: 9 | K18: 10 | L18: 11 | M18: 12 | N18: 13 | O18: 14 | P18: 15 | Q18: 16 | R18: 17 | S18: 18 | T18: 19 | U18: 20 | V18: 21 | W18: 22 | X18: 23 | Y18: 24 | Z18: 25 | AA18: 26 | AB18: 27 | AC18: 28 | AD18: 29 | AE18: 30 | AF18: 31 | AG18: 32 | AH18: 33 | AI18: 34 | AJ18: 35 | AK18: 36 | AL18: 37 | AM18: 38 | AN18: 39 | AO18: 40 | AP18: 41 | AQ18: 42 | AR18: 43 | AS18: 44 | AT18: 45 | AU18: 46 | AV18: 47 | AW18: 48
A19: =A5 -> K2 | B19: =MID($C$5,B18,1) -> 0 | C19: =MID($C$5,C18,1) -> 1 | D19: =MID($C$5,D18,1) -> 0 | E19: =MID($C$5,E18,1) -> 0 | F19: =MID($C$5,F18,1) -> 0 | G19: =MID($C$5,G18,1) -> 1 | H19: =MID($C$5,H18,1) -> 0 | I19: =MID($C$5,I18,1) -> 1 | ... AW19: =MID($C$5,AW18,1) -> 0
A20: =A16 -> E(R1) | B20: =MID($B$16,B18,1) -> 0 | C20: =MID($B$16,C18,1) -> 0 | D20: =MID($B$16,D18,1) -> 1 | E20: =MID($B$16,E18,1) -> 0 | F20: =MID($B$16,F18,1) -> 1 | G20: =MID($B$16,G18,1) -> 1 | H20: =MID($B$16,H18,1) -> 1 | I20: =MID($B$16,I18,1) -> 1 | ... AW20: =MID($B$16,AW18,1) -> 0
A21: =CONCATENATE(A19," + ",A20) -> K2 + E(R1) | B21: =IF(B19=B20,0,1) -> 0 | C21: =IF(C19=C20,0,1) -> 1 | D21: =IF(D19=D20,0,1) -> 1 | E21: =IF(E19=E20,0,1) -> 0 | F21: =IF(F19=F20,0,1) -> 1 | G21: =IF(G19=G20,0,1) -> 0 | H21: =IF(H19=H20,0,1) -> 1 | I21: =IF(I19=I20,0,1) -> 0 | ... AW21: =IF(AW19=AW20,0,1) -> 0
B22: 1 | C22: 2 | D22: 3 | E22: 4 | F22: 5 | G22: 6 | H22: 16 | I22: 2345 | J22: D16 | K22: D2345 | L22: P
A23: B1 | B23: =B21 -> 0 | C23: =C21 -> 1 | D23: =D21 -> 1 | E23: =E21 -> 0 | F23: =F21 -> 1 | G23: =G21 -> 0 | H23: =CONCATENATE(B23,G23) -> 00 | I23: =CONCATENATE(C23,D23,E23,F23) -> 1101 | J23: =BIN2DEC(H23) -> 0 | K23: =BIN2DEC(I23) -> 13 | L23: =VLOOKUP(J23,S1_BOX,K23+2,FALSE) -> 9 | M23: =DEC2BIN(L23,4) -> 1001
A24: B2 | B24: =H21 -> 1 | C24: =I21 -> 0 | D24: =J21 -> 0 | E24: =K21 -> 0 | F24: =L21 -> 1 | G24: =M21 -> 0 | H24: =CONCATENATE(B24,G24) -> 10 | I24: =CONCATENATE(C24,D24,E24,F24) -> 0001 | J24: =BIN2DEC(H24) -> 2 | K24: =BIN2DEC(I24) -> 1 | L24: =VLOOKUP(J24,S2_BOX,K24+2,FALSE) -> 14 | M24: =DEC2BIN(L24,4) -> 1110
A25: B3 | B25: =N21 -> 1 | C25: =O21 -> 0 | D25: =P21 -> 1 | E25: =Q21 -> 1 | F25: =R21 -> 1 | G25: =S21 -> 0 | H25: =CONCATENATE(B25,G25) -> 10 | I25: =CONCATENATE(C25,D25,E25,F25) -> 0111 | J25: =BIN2DEC(H25) -> 2 | K25: =BIN2DEC(I25) -> 7 | L25: =VLOOKUP(J25,S3_BOX,K25+2,FALSE) -> 0 | M25: =DEC2BIN(L25,4) -> 0000
A26: B4 | B26: =T21 -> 1 | C26: =U21 -> 0 | D26: =V21 -> 1 | E26: =W21 -> 0 | F26: =X21 -> 0 | G26: =Y21 -> 1 | H26: =CONCATENATE(B26,G26) -> 11 | I26: =CONCATENATE(C26,D26,E26,F26) -> 0100 | J26: =BIN2DEC(H26) -> 3 | K26: =BIN2DEC(I26) -> 4 | L26: =VLOOKUP(J26,S4_BOX,K26+2,FALSE) -> 10 | M26: =DEC2BIN(L26,4) -> 1010
A27: B5 | B27: =Z21 -> 0 | C27: =AA21 -> 1 | D27: =AB21 -> 1 | E27: =AC21 -> 0 | F27: =AD21 -> 1 | G27: =AE21 -> 0 | H27: =CONCATENATE(B27,G27) -> 00 | I27: =CONCATENATE(C27,D27,E27,F27) -> 1101 | J27: =BIN2DEC(H27) -> 0 | K27: =BIN2DEC(I27) -> 13 | L27: =VLOOKUP(J27,S5_BOX,K27+2,FALSE) -> 0 | M27: =DEC2BIN(L27,4) -> 0000
A28: B6 | B28: =AF21 -> 1 | C28: =AG21 -> 0 | D28: =AH21 -> 1 | E28: =AI21 -> 1 | F28: =AJ21 -> 0 | G28: =AK21 -> 0 | H28: =CONCATENATE(B28,G28) -> 10 | I28: =CONCATENATE(C28,D28,E28,F28) -> 0110 | J28: =BIN2DEC(H28) -> 2 | K28: =BIN2DEC(I28) -> 6 | L28: =VLOOKUP(J28,S6_BOX,K28+2,FALSE) -> 12 | M28: =DEC2BIN(L28,4) -> 1100
A29: B7 | B29: =AL21 -> 0 | C29: =AM21 -> 0 | D29: =AN21 -> 0 | E29: =AO21 -> 0 | F29: =AP21 -> 0 | G29: =AQ21 -> 1 | H29: =CONCATENATE(B29,G29) -> 01 | I29: =CONCATENATE(C29,D29,E29,F29) -> 0000 | J29: =BIN2DEC(H29) -> 1 | K29: =BIN2DEC(I29) -> 0 | L29: =VLOOKUP(J29,S7_BOX,K29+2,FALSE) -> 13 | M29: =DEC2BIN(L29,4) -> 1101
A30: B8 | B30: =AR21 -> 1 | C30: =AS21 -> 0 | D30: =AT21 -> 0 | E30: =AU21 -> 1 | F30: =AV21 -> 1 | G30: =AW21 -> 0 | H30: =CONCATENATE(B30,G30) -> 10 | I30: =CONCATENATE(C30,D30,E30,F30) -> 0011 | J30: =BIN2DEC(H30) -> 2 | K30: =BIN2DEC(I30) -> 3 | L30: =VLOOKUP(J30,S8_BOX,K30+2,FALSE) -> 1 | M30: =DEC2BIN(L30,4) -> 0001
A31: S1B1..SnBn | B31: =CONCATENATE(M23,M24,M25,M26,M27,M28,M29,M30) -> 10011110000010100000110011010001
A33: PSnBn | C33: 1 | D33: 2 | E33: 3 | F33: 4
B34: 1 | C34: =MID($B$31,VLOOKUP($B34,P,C$33+1,FALSE),1) -> 0 | D34: =MID($B$31,VLOOKUP($B34,P,D$33+1,FALSE),1) -> 1 | E34: =MID($B$31,VLOOKUP($B34,P,E$33+1,FALSE),1) -> 0 | F34: =MID($B$31,VLOOKUP($B34,P,F$33+1,FALSE),1) -> 1 | G34: =CONCATENATE(C34,D34,E34,F34) -> 0101
B35: 2 | C35: =MID($B$31,VLOOKUP($B35,P,C$33+1,FALSE),1) -> 0 | D35: =MID($B$31,VLOOKUP($B35,P,D$33+1,FALSE),1) -> 0 | E35: =MID($B$31,VLOOKUP($B35,P,E$33+1,FALSE),1) -> 1 | F35: =MID($B$31,VLOOKUP($B35,P,F$33+1,FALSE),1) -> 0 | G35: =CONCATENATE(C35,D35,E35,F35) -> 0010
B36: 3 | C36: =MID($B$31,VLOOKUP($B36,P,C$33+1,FALSE),1) -> 1 | D36: =MID($B$31,VLOOKUP($B36,P,D$33+1,FALSE),1) -> 1 | E36: =MID($B$31,VLOOKUP($B36,P,E$33+1,FALSE),1) -> 0 | F36: =MID($B$31,VLOOKUP($B36,P,F$33+1,FALSE),1) -> 1 | G36: =CONCATENATE(C36,D36,E36,F36) -> 1101
B37: 4 | C37: =MID($B$31,VLOOKUP($B37,P,C$33+1,FALSE),1) -> 1 | D37: =MID($B$31,VLOOKUP($B37,P,D$33+1,FALSE),1) -> 0 | E37: =MID($B$31,VLOOKUP($B37,P,E$33+1,FALSE),1) -> 0 | F37: =MID($B$31,VLOOKUP($B37,P,F$33+1,FALSE),1) -> 0 | G37: =CONCATENATE(C37,D37,E37,F37) -> 1000
B38: 5 | C38: =MID($B$31,VLOOKUP($B38,P,C$33+1,FALSE),1) -> 0 | D38: =MID($B$31,VLOOKUP($B38,P,D$33+1,FALSE),1) -> 0 | E38: =MID($B$31,VLOOKUP($B38,P,E$33+1,FALSE),1) -> 0 | F38: =MID($B$31,VLOOKUP($B38,P,F$33+1,FALSE),1) -> 0 | G38: =CONCATENATE(C38,D38,E38,F38) -> 0000
B39: 6 | C39: =MID($B$31,VLOOKUP($B39,P,C$33+1,FALSE),1) -> 1 | D39: =MID($B$31,VLOOKUP($B39,P,D$33+1,FALSE),1) -> 0 | E39: =MID($B$31,VLOOKUP($B39,P,E$33+1,FALSE),1) -> 0 | F39: =MID($B$31,VLOOKUP($B39,P,F$33+1,FALSE),1) -> 0 | G39: =CONCATENATE(C39,D39,E39,F39) -> 1000
B40: 7 | C40: =MID($B$31,VLOOKUP($B40,P,C$33+1,FALSE),1) -> 0 | D40: =MID($B$31,VLOOKUP($B40,P,D$33+1,FALSE),1) -> 1 | E40: =MID($B$31,VLOOKUP($B40,P,E$33+1,FALSE),1) -> 0 | F40: =MID($B$31,VLOOKUP($B40,P,F$33+1,FALSE),1) -> 1 | G40: =CONCATENATE(C40,D40,E40,F40) -> 0101
B41: 8 | C41: =MID($B$31,VLOOKUP($B41,P,C$33+1,FALSE),1) -> 1 | D41: =MID($B$31,VLOOKUP($B41,P,D$33+1,FALSE),1) -> 0 | E41: =MID($B$31,VLOOKUP($B41,P,E$33+1,FALSE),1) -> 1 | F41: =MID($B$31,VLOOKUP($B41,P,F$33+1,FALSE),1) -> 1 | G41: =CONCATENATE(C41,D41,E41,F41) -> 1011
B42: 1 | C42: 2 | D42: 3 | E42: 4 | F42: 5 | G42: 6 | H42: 7 | I42: 8 | J42: 9 | K42: 10 | L42: 11 | M42: 12 | N42: 13 | O42: 14 | P42: 15 | Q42: 16 | R42: 17 | S42: 18 | T42: 19 | U42: 20 | V42: 21 | W42: 22 | X42: 23 | Y42: 24 | Z42: 25 | AA42: 26 | AB42: 27 | AC42: 28 | AD42: 29 | AE42: 30 | AF42: 31 | AG42: 32
A43: f | B43: =CONCATENATE(G34,G35,G36,G37,G38,G39,G40,G41) -> 01010010110110000000100001011011
B44: =MID($B$43,B42,1) -> 0 | C44: =MID($B$43,C42,1) -> 1 | D44: =MID($B$43,D42,1) -> 0 | E44: =MID($B$43,E42,1) -> 1 | F44: =MID($B$43,F42,1) -> 0 | G44: =MID($B$43,G42,1) -> 0 | H44: =MID($B$43,H42,1) -> 1 | I44: =MID($B$43,I42,1) -> 0 | ... AG44: =MID($B$43,AG42,1) -> 1
A45: =CONCATENATE("L",C4-1) -> L1 | B45: ='R1'!C6 -> 00011000110010100001100010101101
B46: =MID($B$45,B42,1) -> 0 | C46: =MID($B$45,C42,1) -> 0 | D46: =MID($B$45,D42,1) -> 0 | E46: =MID($B$45,E42,1) -> 1 | F46: =MID($B$45,F42,1) -> 1 | G46: =MID($B$45,G42,1) -> 0 | H46: =MID($B$45,H42,1) -> 0 | I46: =MID($B$45,I42,1) -> 0 | ... AG46: =MID($B$45,AG42,1) -> 1
A47: =CONCATENATE("R",C4) -> R2 | B47: =IF(B44=B46,0,1) -> 0 | C47: =IF(C44=C46,0,1) -> 1 | D47: =IF(D44=D46,0,1) -> 0 | E47: =IF(E44=E46,0,1) -> 0 | F47: =IF(F44=F46,0,1) -> 1 | G47: =IF(G44=G46,0,1) -> 0 | H47: =IF(H44=H46,0,1) -> 1 | I47: =IF(I44=I46,0,1) -> 0 | ... AG47: =IF(AG44=AG46,0,1) -> 0
B48: =CONCATENATE(B47,C47,D47,E47) -> 0100 | F48: =CONCATENATE(F47,G47,H47,I47) -> 1010 | J48: =CONCATENATE(J47,K47,L47,M47) -> 0001 | N48: =CONCATENATE(N47,O47,P47,Q47) -> 0010 | R48: =CONCATENATE(R47,S47,T47,U47) -> 0001 | V48: =CONCATENATE(V47,W47,X47,Y47) -> 0000 | Z48: =CONCATENATE(Z47,AA47,AB47,AC47) -> 1111 | AD48: =CONCATENATE(AD47,AE47,AF47,AG47) -> 0110
A49: =A47 -> R2 | B49: =CONCATENATE(B48,F48,J48,N48,R48,V48,Z48,AD48) -> 01001010000100100001000011110110
A50: =CONCATENATE(A49," hex") -> R2 hex | B50: =CONCATENATE(BIN2HEX(B48),BIN2HEX(F48),BIN2HEX(J48),BIN2HEX(N48),BIN2HEX(R48),BIN2HEX(V48),BIN2HEX(Z48),BIN2HEX(AD48)) -> 4A1210F6

Sheet R3
A1: Ln | B1: = | C1: Rn-1
A2: Rn | B2: = | C2: Ln-1 + f(Rn-1,Kn)
A4: n | B4: = | C4: 3
A5: =CONCATENATE("K",C4) -> K3 | C5: =Kn!O4 -> 000001101110110110100100101011001111010110110101
A6: =CONCATENATE("L",C4," =") -> L3 = | B6: =CONCATENATE("R",(C4-1)) -> R2 | C6: ='R2'!B49 -> 01001010000100100001000011110110
C7: 1 | D7: 2 | E7: 3 | F7: 4 | G7: 5 | H7: 6
A8: =CONCATENATE("E", "(",B6,")") -> E(R2) | B8: 1 | C8: =MID($C$6,VLOOKUP($B8,E_BIT,C$7+1,FALSE),1) -> 0 | D8: =MID($C$6,VLOOKUP($B8,E_BIT,D$7+1,FALSE),1) -> 0 | E8: =MID($C$6,VLOOKUP($B8,E_BIT,E$7+1,FALSE),1) -> 1 | F8: =MID($C$6,VLOOKUP($B8,E_BIT,F$7+1,FALSE),1) -> 0 | G8: =MID($C$6,VLOOKUP($B8,E_BIT,G$7+1,FALSE),1) -> 0 | H8: =MID($C$6,VLOOKUP($B8,E_BIT,H$7+1,FALSE),1) -> 1 | I8: =CONCATENATE(C8,D8,E8,F8,G8,H8) -> 001001
B9: 2 | C9: =MID($C$6,VLOOKUP($B9,E_BIT,C$7+1,FALSE),1) -> 0 | D9: =MID($C$6,VLOOKUP($B9,E_BIT,D$7+1,FALSE),1) -> 1 | E9: =MID($C$6,VLOOKUP($B9,E_BIT,E$7+1,FALSE),1) -> 0 | F9: =MID($C$6,VLOOKUP($B9,E_BIT,F$7+1,FALSE),1) -> 1 | G9: =MID($C$6,VLOOKUP($B9,E_BIT,G$7+1,FALSE),1) -> 0 | H9: =MID($C$6,VLOOKUP($B9,E_BIT,H$7+1,FALSE),1) -> 0 | I9: =CONCATENATE(C9,D9,E9,F9,G9,H9) -> 010100
B10: 3 | C10: =MID($C$6,VLOOKUP($B10,E_BIT,C$7+1,FALSE),1) -> 0 | D10: =MID($C$6,VLOOKUP($B10,E_BIT,D$7+1,FALSE),1) -> 0 | E10: =MID($C$6,VLOOKUP($B10,E_BIT,E$7+1,FALSE),1) -> 0 | F10: =MID($C$6,VLOOKUP($B10,E_BIT,F$7+1,FALSE),1) -> 0 | G10: =MID($C$6,VLOOKUP($B10,E_BIT,G$7+1,FALSE),1) -> 1 | H10: =MID($C$6,VLOOKUP($B10,E_BIT,H$7+1,FALSE),1) -> 0 | I10: =CONCATENATE(C10,D10,E10,F10,G10,H10) -> 000010
B11: 4 | C11: =MID($C$6,VLOOKUP($B11,E_BIT,C$7+1,FALSE),1) -> 1 | D11: =MID($C$6,VLOOKUP($B11,E_BIT,D$7+1,FALSE),1) -> 0 | E11: =MID($C$6,VLOOKUP($B11,E_BIT,E$7+1,FALSE),1) -> 0 | F11: =MID($C$6,VLOOKUP($B11,E_BIT,F$7+1,FALSE),1) -> 1 | G11: =MID($C$6,VLOOKUP($B11,E_BIT,G$7+1,FALSE),1) -> 0 | H11: =MID($C$6,VLOOKUP($B11,E_BIT,H$7+1,FALSE),1) -> 0 | I11: =CONCATENATE(C11,D11,E11,F11,G11,H11) -> 100100
B12: 5 | C12: =MID($C$6,VLOOKUP($B12,E_BIT,C$7+1,FALSE),1) -> 0 | D12: =MID($C$6,VLOOKUP($B12,E_BIT,D$7+1,FALSE),1) -> 0 | E12: =MID($C$6,VLOOKUP($B12,E_BIT,E$7+1,FALSE),1) -> 0 | F12: =MID($C$6,VLOOKUP($B12,E_BIT,F$7+1,FALSE),1) -> 0 | G12: =MID($C$6,VLOOKUP($B12,E_BIT,G$7+1,FALSE),1) -> 1 | H12: =MID($C$6,VLOOKUP($B12,E_BIT,H$7+1,FALSE),1) -> 0 | I12: =CONCATENATE(C12,D12,E12,F12,G12,H12) -> 000010
B13: 6 | C13: =MID($C$6,VLOOKUP($B13,E_BIT,C$7+1,FALSE),1) -> 1 | D13: =MID($C$6,VLOOKUP($B13,E_BIT,D$7+1,FALSE),1) -> 0 | E13: =MID($C$6,VLOOKUP($B13,E_BIT,E$7+1,FALSE),1) -> 0 | F13: =MID($C$6,VLOOKUP($B13,E_BIT,F$7+1,FALSE),1) -> 0 | G13: =MID($C$6,VLOOKUP($B13,E_BIT,G$7+1,FALSE),1) -> 0 | H13: =MID($C$6,VLOOKUP($B13,E_BIT,H$7+1,FALSE),1) -> 1 | I13: =CONCATENATE(C13,D13,E13,F13,G13,H13) -> 100001
B14: 7 | C14: =MID($C$6,VLOOKUP($B14,E_BIT,C$7+1,FALSE),1) -> 0 | D14: =MID($C$6,VLOOKUP($B14,E_BIT,D$7+1,FALSE),1) -> 1 | E14: =MID($C$6,VLOOKUP($B14,E_BIT,E$7+1,FALSE),1) -> 1 | F14: =MID($C$6,VLOOKUP($B14,E_BIT,F$7+1,FALSE),1) -> 1 | G14: =MID($C$6,VLOOKUP($B14,E_BIT,G$7+1,FALSE),1) -> 1 | H14: =MID($C$6,VLOOKUP($B14,E_BIT,H$7+1,FALSE),1) -> 0 | I14: =CONCATENATE(C14,D14,E14,F14,G14,H14) -> 011110
B15: 8 | C15: =MID($C$6,VLOOKUP($B15,E_BIT,C$7+1,FALSE),1) -> 1 | D15: =MID($C$6,VLOOKUP($B15,E_BIT,D$7+1,FALSE),1) -> 0 | E15: =MID($C$6,VLOOKUP($B15,E_BIT,E$7+1,FALSE),1) -> 1 | F15: =MID($C$6,VLOOKUP($B15,E_BIT,F$7+1,FALSE),1) -> 1 | G15: =MID($C$6,VLOOKUP($B15,E_BIT,G$7+1,FALSE),1) -> 0 | H15: =MID($C$6,VLOOKUP($B15,E_BIT,H$7+1,FALSE),1) -> 0 | I15: =CONCATENATE(C15,D15,E15,F15,G15,H15) -> 101100
A16: =A8 -> E(R2) | B16: =CONCATENATE(I8,I9,I10,I11,I12,I13,I14,I15) -> 001001010100000010100100000010100001011110101100
A18: BITS | B18: 1 | C18: 2 | D18: 3 | E18: 4 | F18: 5 | G18: 6 | H18: 7 | I18: 8 | J18: 9 | K18: 10 | L18: 11 | M18: 12 | N18: 13 | O18: 14 | P18: 15 | Q18: 16 | R18: 17 | S18: 18 | T18: 19 | U18: 20 | V18: 21 | W18: 22 | X18: 23 | Y18: 24 | Z18: 25 | AA18: 26 | AB18: 27 | AC18: 28 | AD18: 29 | AE18: 30 | AF18: 31 | AG18: 32 | AH18: 33 | AI18: 34 | AJ18: 35 | AK18: 36 | AL18: 37 | AM18: 38 | AN18: 39 | AO18: 40 | AP18: 41 | AQ18: 42 | AR18: 43 | AS18: 44 | AT18: 45 | AU18: 46 | AV18: 47 | AW18: 48
A19: =A5 -> K3 | B19: =MID($C$5,B18,1) -> 0 | C19: =MID($C$5,C18,1) -> 0 | D19: =MID($C$5,D18,1) -> 0 | E19: =MID($C$5,E18,1) -> 0 | F19: =MID($C$5,F18,1) -> 0 | G19: =MID($C$5,G18,1) -> 1 | H19: =MID($C$5,H18,1) -> 1 | I19: =MID($C$5,I18,1) -> 0 | ... AW19: =MID($C$5,AW18,1) -> 1
A20: =A16 -> E(R2) | B20: =MID($B$16,B18,1) -> 0 | C20: =MID($B$16,C18,1) -> 0 | D20: =MID($B$16,D18,1) -> 1 | E20: =MID($B$16,E18,1) -> 0 | F20: =MID($B$16,F18,1) -> 0 | G20: =MID($B$16,G18,1) -> 1 | H20: =MID($B$16,H18,1) -> 0 | I20: =MID($B$16,I18,1) -> 1 | ... AW20: =MID($B$16,AW18,1) -> 0
A21: =CONCATENATE(A19," + ",A20) -> K3 + E(R2) | B21: =IF(B19=B20,0,1) -> 0 | C21: =IF(C19=C20,0,1) -> 0 | D21: =IF(D19=D20,0,1) -> 1 | E21: =IF(E19=E20,0,1) -> 0 | F21: =IF(F19=F20,0,1) -> 0 | G21: =IF(G19=G20,0,1) -> 0 | H21: =IF(H19=H20,0,1) -> 1 | I21: =IF(I19=I20,0,1) -> 1 | ... AW21: =IF(AW19=AW20,0,1) -> 1
B22: 1 | C22: 2 | D22: 3 | E22: 4 | F22: 5 | G22: 6 | H22: 16 | I22: 2345 | J22: D16 | K22: D2345 | L22: P
A23: B1 | B23: =B21 -> 0 | C23: =C21 -> 0 | D23: =D21 -> 1 | E23: =E21 -> 0 | F23: =F21 -> 0 | G23: =G21 -> 0 | H23: =CONCATENATE(B23,G23) -> 00 | I23: =CONCATENATE(C23,D23,E23,F23) -> 0100 | J23: =BIN2DEC(H23) -> 0 | K23: =BIN2DEC(I23) -> 4 | L23: =VLOOKUP(J23,S1_BOX,K23+2,FALSE) -> 2 | M23: =DEC2BIN(L23,4) -> 0010
A24: B2 | B24: =H21 -> 1 | C24: =I21 -> 1 | D24: =J21 -> 1 | E24: =K21 -> 0 | F24: =L21 -> 1 | G24: =M21 -> 0 | H24: =CONCATENATE(B24,G24) -> 10 | I24: =CONCATENATE(C24,D24,E24,F24) -> 1101 | J24: =BIN2DEC(H24) -> 2 | K24: =BIN2DEC(I24) -> 13 | L24: =VLOOKUP(J24,S2_BOX,K24+2,FALSE) -> 3 | M24: =DEC2BIN(L24,4) -> 0011
A25: B3 | B25: =N21 -> 1 | C25: =O21 -> 1 | D25: =P21 -> 0 | E25: =Q21 -> 1 | F25: =R21 -> 0 | G25: =S21 -> 0 | H25: =CONCATENATE(B25,G25) -> 10 | I25: =CONCATENATE(C25,D25,E25,F25) -> 1010 | J25: =BIN2DEC(H25) -> 2 | K25: =BIN2DEC(I25) -> 10 | L25: =VLOOKUP(J25,S3_BOX,K25+2,FALSE) -> 2 | M25: =DEC2BIN(L25,4) -> 0010
A26: B4 | B26: =T21 -> 0 | C26: =U21 -> 0 | D26: =V21 -> 0 | E26: =W21 -> 0 | F26: =X21 -> 0 | G26: =Y21 -> 0 | H26: =CONCATENATE(B26,G26) -> 00 | I26: =CONCATENATE(C26,D26,E26,F26) -> 0000 | J26: =BIN2DEC(H26) -> 0 | K26: =BIN2DEC(I26) -> 0 | L26: =VLOOKUP(J26,S4_BOX,K26+2,FALSE) -> 7 | M26: =DEC2BIN(L26,4) -> 0111
A27: B5 | B27: =Z21 -> 1 | C27: =AA21 -> 0 | D27: =AB21 -> 1 | E27: =AC21 -> 0 | F27: =AD21 -> 0 | G27: =AE21 -> 1 | H27: =CONCATENATE(B27,G27) -> 11 | I27: =CONCATENATE(C27,D27,E27,F27) -> 0100 | J27: =BIN2DEC(H27) -> 3 | K27: =BIN2DEC(I27) -> 4 | L27: =VLOOKUP(J27,S5_BOX,K27+2,FALSE) -> 1 | M27: =DEC2BIN(L27,4) -> 0001
A28: B6 | B28: =AF21 -> 1 | C28: =AG21 -> 0 | D28: =AH21 -> 1 | E28: =AI21 -> 1 | F28: =AJ21 -> 1 | G28: =AK21 -> 0 | H28: =CONCATENATE(B28,G28) -> 10 | I28: =CONCATENATE(C28,D28,E28,F28) -> 0111 | J28: =BIN2DEC(H28) -> 2 | K28: =BIN2DEC(I28) -> 7 | L28: =VLOOKUP(J28,S6_BOX,K28+2,FALSE) -> 3 | M28: =DEC2BIN(L28,4) -> 0011
A29: B7 | B29: =AL21 -> 0 | C29: =AM21 -> 0 | D29: =AN21 -> 1 | E29: =AO21 -> 0 | F29: =AP21 -> 0 | G29: =AQ21 -> 0 | H29: =CONCATENATE(B29,G29) -> 00 | I29: =CONCATENATE(C29,D29,E29,F29) -> 0100 | J29: =BIN2DEC(H29) -> 0 | K29: =BIN2DEC(I29) -> 4 | L29: =VLOOKUP(J29,S7_BOX,K29+2,FALSE) -> 15 | M29: =DEC2BIN(L29,4) -> 1111
A30: B8 | B30: =AR21 -> 0 | C30: =AS21 -> 1 | D30: =AT21 -> 1 | E30: =AU21 -> 0 | F30: =AV21 -> 0 | G30: =AW21 -> 1 | H30: =CONCATENATE(B30,G30) -> 01 | I30: =CONCATENATE(C30,D30,E30,F30) -> 1100 | J30: =BIN2DEC(H30) -> 1 | K30: =BIN2DEC(I30) -> 12 | L30: =VLOOKUP(J30,S8_BOX,K30+2,FALSE) -> 0 | M30: =DEC2BIN(L30,4) -> 0000
A31: S1B1..SnBn | B31: =CONCATENATE(M23,M24,M25,M26,M27,M28,M29,M30) -> 00100011001001110001001111110000
A33: PSnBn | C33: 1 | D33: 2 | E33: 3 | F33: 4
B34: 1 | C34: =MID($B$31,VLOOKUP($B34,P,C$33+1,FALSE),1) -> 1 | D34: =MID($B$31,VLOOKUP($B34,P,D$33+1,FALSE),1) -> 1 | E34: =MID($B$31,VLOOKUP($B34,P,E$33+1,FALSE),1) -> 1 | F34: =MID($B$31,VLOOKUP($B34,P,F$33+1,FALSE),1) -> 0 | G34: =CONCATENATE(C34,D34,E34,F34) -> 1110
B35: 2 | C35: =MID($B$31,VLOOKUP($B35,P,C$33+1,FALSE),1) -> 0 | D35: =MID($B$31,VLOOKUP($B35,P,D$33+1,FALSE),1) -> 0 | E35: =MID($B$31,VLOOKUP($B35,P,E$33+1,FALSE),1) -> 1 | F35: =MID($B$31,VLOOKUP($B35,P,F$33+1,FALSE),1) -> 0 | G35: =CONCATENATE(C35,D35,E35,F35) -> 0010
B36: 3 | C36: =MID($B$31,VLOOKUP($B36,P,C$33+1,FALSE),1) -> 0 | D36: =MID($B$31,VLOOKUP($B36,P,D$33+1,FALSE),1) -> 1 | E36: =MID($B$31,VLOOKUP($B36,P,E$33+1,FALSE),1) -> 1 | F36: =MID($B$31,VLOOKUP($B36,P,F$33+1,FALSE),1) -> 1 | G36: =CONCATENATE(C36,D36,E36,F36) -> 0111
B37: 4 | C37: =MID($B$31,VLOOKUP($B37,P,C$33+1,FALSE),1) -> 0 | D37: =MID($B$31,VLOOKUP($B37,P,D$33+1,FALSE),1) -> 0 | E37: =MID($B$31,VLOOKUP($B37,P,E$33+1,FALSE),1) -> 0 | F37: =MID($B$31,VLOOKUP($B37,P,F$33+1,FALSE),1) -> 0 | G37: =CONCATENATE(C37,D37,E37,F37) -> 0000
B38: 5 | C38: =MID($B$31,VLOOKUP($B38,P,C$33+1,FALSE),1) -> 0 | D38: =MID($B$31,VLOOKUP($B38,P,D$33+1,FALSE),1) -> 1 | E38: =MID($B$31,VLOOKUP($B38,P,E$33+1,FALSE),1) -> 1 | F38: =MID($B$31,VLOOKUP($B38,P,F$33+1,FALSE),1) -> 1 | G38: =CONCATENATE(C38,D38,E38,F38) -> 0111
B39: 6 | C39: =MID($B$31,VLOOKUP($B39,P,C$33+1,FALSE),1) -> 0 | D39: =MID($B$31,VLOOKUP($B39,P,D$33+1,FALSE),1) -> 1 | E39: =MID($B$31,VLOOKUP($B39,P,E$33+1,FALSE),1) -> 1 | F39: =MID($B$31,VLOOKUP($B39,P,F$33+1,FALSE),1) -> 0 | G39: =CONCATENATE(C39,D39,E39,F39) -> 0110
B40: 7 | C40: =MID($B$31,VLOOKUP($B40,P,C$33+1,FALSE),1) -> 0 | D40: =MID($B$31,VLOOKUP($B40,P,D$33+1,FALSE),1) -> 0 | E40: =MID($B$31,VLOOKUP($B40,P,E$33+1,FALSE),1) -> 0 | F40: =MID($B$31,VLOOKUP($B40,P,F$33+1,FALSE),1) -> 0 | G40: =CONCATENATE(C40,D40,E40,F40) -> 0000
B41: 8 | C41: =MID($B$31,VLOOKUP($B41,P,C$33+1,FALSE),1) -> 0 | D41: =MID($B$31,VLOOKUP($B41,P,D$33+1,FALSE),1) -> 1 | E41: =MID($B$31,VLOOKUP($B41,P,E$33+1,FALSE),1) -> 0 | F41: =MID($B$31,VLOOKUP($B41,P,F$33+1,FALSE),1) -> 1 | G41: =CONCATENATE(C41,D41,E41,F41) -> 0101
B42: 1 | C42: 2 | D42: 3 | E42: 4 | F42: 5 | G42: 6 | H42: 7 | I42: 8 | J42: 9 | K42: 10 | L42: 11 | M42: 12 | N42: 13 | O42: 14 | P42: 15 | Q42: 16 | R42: 17 | S42: 18 | T42: 19 | U42: 20 | V42: 21 | W42: 22 | X42: 23 | Y42: 24 | Z42: 25 | AA42: 26 | AB42: 27 | AC42: 28 | AD42: 29 | AE42: 30 | AF42: 31 | AG42: 32
A43: f | B43: =CONCATENATE(G34,G35,G36,G37,G38,G39,G40,G41) -> 11100010011100000111011000000101
B44: =MID($B$43,B42,1) -> 1 | C44: =MID($B$43,C42,1) -> 1 | D44: =MID($B$43,D42,1) -> 1 | E44: =MID($B$43,E42,1) -> 0 | F44: =MID($B$43,F42,1) -> 0 | G44: =MID($B$43,G42,1) -> 0 | H44: =MID($B$43,H42,1) -> 1 | I44: =MID($B$43,I42,1) -> 0 | ... AG44: =MID($B$43,AG42,1) -> 1
A45: =CONCATENATE("L",C4-1) -> L2 | B45: ='R2'!C6 -> 01011010011110001110001110010100
B46: =MID($B$45,B42,1) -> 0 | C46: =MID($B$45,C42,1) -> 1 | D46: =MID($B$45,D42,1) -> 0 | E46: =MID($B$45,E42,1) -> 1 | F46: =MID($B$45,F42,1) -> 1 | G46: =MID($B$45,G42,1) -> 0 | H46: =MID($B$45,H42,1) -> 1 | I46: =MID($B$45,I42,1) -> 0 | ... AG46: =MID($B$45,AG42,1) -> 0
A47: =CONCATENATE("R",C4) -> R3 | B47: =IF(B44=B46,0,1) -> 1 | C47: =IF(C44=C46,0,1) -> 0 | D47: =IF(D44=D46,0,1) -> 1 | E47: =IF(E44=E46,0,1) -> 1 | F47: =IF(F44=F46,0,1) -> 1 | G47: =IF(G44=G46,0,1) -> 0 | H47: =IF(H44=H46,0,1) -> 0 | I47: =IF(I44=I46,0,1) -> 0 | ... AG47: =IF(AG44=AG46,0,1) -> 1
B48: =CONCATENATE(B47,C47,D47,E47) -> 1011 | F48: =CONCATENATE(F47,G47,H47,I47) -> 1000 | J48: =CONCATENATE(J47,K47,L47,M47) -> 0000 | N48: =CONCATENATE(N47,O47,P47,Q47) -> 1000 | R48: =CONCATENATE(R47,S47,T47,U47) -> 1001 | V48: =CONCATENATE(V47,W47,X47,Y47) -> 0101 | Z48: =CONCATENATE(Z47,AA47,AB47,AC47) -> 1001 | AD48: =CONCATENATE(AD47,AE47,AF47,AG47) -> 0001
A49: =A47 -> R3 | B49: =CONCATENATE(B48,F48,J48,N48,R48,V48,Z48,AD48) -> 10111000000010001001010110010001
A50: =CONCATENATE(A49," hex") -> R3 hex | B50: =CONCATENATE(BIN2HEX(B48),BIN2HEX(F48),BIN2HEX(J48),BIN2HEX(N48),BIN2HEX(R48),BIN2HEX(V48),BIN2HEX(Z48),BIN2HEX(AD48)) -> B8089591

Sheet R4
A1: Ln | B1: = | C1: Rn-1
A2: Rn | B2: = | C2: Ln-1 + f(Rn-1,Kn)
A4: n | B4: = | C4: 4
A5: =CONCATENATE("K",C4) -> K4 | C5: =Kn!O5 -> 110110100010110100000011001010110110111011100011
A6: =CONCATENATE("L",C4," =") -> L4 = | B6: =CONCATENATE("R",(C4-1)) -> R3 | C6: ='R3'!B49 -> 10111000000010001001010110010001
C7: 1 | D7: 2 | E7: 3 | F7: 4 | G7: 5 | H7: 6
A8: =CONCATENATE("E", "(",B6,")") -> E(R3) | B8: 1 | C8: =MID($C$6,VLOOKUP($B8,E_BIT,C$7+1,FALSE),1) -> 1 | D8: =MID($C$6,VLOOKUP($B8,E_BIT,D$7+1,FALSE),1) -> 1 | E8: =MID($C$6,VLOOKUP($B8,E_BIT,E$7+1,FALSE),1) -> 0 | F8: =MID($C$6,VLOOKUP($B8,E_BIT,F$7+1,FALSE),1) -> 1 | G8: =MID($C$6,VLOOKUP($B8,E_BIT,G$7+1,FALSE),1) -> 1 | H8: =MID($C$6,VLOOKUP($B8,E_BIT,H$7+1,FALSE),1) -> 1 | I8: =CONCATENATE(C8,D8,E8,F8,G8,H8) -> 110111
B9: 2 | C9: =MID($C$6,VLOOKUP($B9,E_BIT,C$7+1,FALSE),1) -> 1 | D9: =MID($C$6,VLOOKUP($B9,E_BIT,D$7+1,FALSE),1) -> 1 | E9: =MID($C$6,VLOOKUP($B9,E_BIT,E$7+1,FALSE),1) -> 0 | F9: =MID($C$6,VLOOKUP($B9,E_BIT,F$7+1,FALSE),1) -> 0 | G9: =MID($C$6,VLOOKUP($B9,E_BIT,G$7+1,FALSE),1) -> 0 | H9: =MID($C$6,VLOOKUP($B9,E_BIT,H$7+1,FALSE),1) -> 0 | I9: =CONCATENATE(C9,D9,E9,F9,G9,H9) -> 110000
B10: 3 | C10: =MID($C$6,VLOOKUP($B10,E_BIT,C$7+1,FALSE),1) -> 0 | D10: =MID($C$6,VLOOKUP($B10,E_BIT,D$7+1,FALSE),1) -> 0 | E10: =MID($C$6,VLOOKUP($B10,E_BIT,E$7+1,FALSE),1) -> 0 | F10: =MID($C$6,VLOOKUP($B10,E_BIT,F$7+1,FALSE),1) -> 0 | G10: =MID($C$6,VLOOKUP($B10,E_BIT,G$7+1,FALSE),1) -> 0 | H10: =MID($C$6,VLOOKUP($B10,E_BIT,H$7+1,FALSE),1) -> 1 | I10: =CONCATENATE(C10,D10,E10,F10,G10,H10) -> 000001
B11: 4 | C11: =MID($C$6,VLOOKUP($B11,E_BIT,C$7+1,FALSE),1) -> 0 | D11: =MID($C$6,VLOOKUP($B11,E_BIT,D$7+1,FALSE),1) -> 1 | E11: =MID($C$6,VLOOKUP($B11,E_BIT,E$7+1,FALSE),1) -> 0 | F11: =MID($C$6,VLOOKUP($B11,E_BIT,F$7+1,FALSE),1) -> 0 | G11: =MID($C$6,VLOOKUP($B11,E_BIT,G$7+1,FALSE),1) -> 0 | H11: =MID($C$6,VLOOKUP($B11,E_BIT,H$7+1,FALSE),1) -> 1 | I11: =CONCATENATE(C11,D11,E11,F11,G11,H11) -> 010001
B12: 5 | C12: =MID($C$6,VLOOKUP($B12,E_BIT,C$7+1,FALSE),1) -> 0 | D12: =MID($C$6,VLOOKUP($B12,E_BIT,D$7+1,FALSE),1) -> 1 | E12: =MID($C$6,VLOOKUP($B12,E_BIT,E$7+1,FALSE),1) -> 0 | F12: =MID($C$6,VLOOKUP($B12,E_BIT,F$7+1,FALSE),1) -> 0 | G12: =MID($C$6,VLOOKUP($B12,E_BIT,G$7+1,FALSE),1) -> 1 | H12: =MID($C$6,VLOOKUP($B12,E_BIT,H$7+1,FALSE),1) -> 0 | I12: =CONCATENATE(C12,D12,E12,F12,G12,H12) -> 010010
B13: 6 | C13: =MID($C$6,VLOOKUP($B13,E_BIT,C$7+1,FALSE),1) -> 1 | D13: =MID($C$6,VLOOKUP($B13,E_BIT,D$7+1,FALSE),1) -> 0 | E13: =MID($C$6,VLOOKUP($B13,E_BIT,E$7+1,FALSE),1) -> 1 | F13: =MID($C$6,VLOOKUP($B13,E_BIT,F$7+1,FALSE),1) -> 0 | G13: =MID($C$6,VLOOKUP($B13,E_BIT,G$7+1,FALSE),1) -> 1 | H13: =MID($C$6,VLOOKUP($B13,E_BIT,H$7+1,FALSE),1) -> 1 | I13: =CONCATENATE(C13,D13,E13,F13,G13,H13) -> 101011
B14: 7 | C14: =MID($C$6,VLOOKUP($B14,E_BIT,C$7+1,FALSE),1) -> 1 | D14: =MID($C$6,VLOOKUP($B14,E_BIT,D$7+1,FALSE),1) -> 1 | E14: =MID($C$6,VLOOKUP($B14,E_BIT,E$7+1,FALSE),1) -> 0 | F14: =MID($C$6,VLOOKUP($B14,E_BIT,F$7+1,FALSE),1) -> 0 | G14: =MID($C$6,VLOOKUP($B14,E_BIT,G$7+1,FALSE),1) -> 1 | H14: =MID($C$6,VLOOKUP($B14,E_BIT,H$7+1,FALSE),1) -> 0 | I14: =CONCATENATE(C14,D14,E14,F14,G14,H14) -> 110010
B15: 8 | C15: =MID($C$6,VLOOKUP($B15,E_BIT,C$7+1,FALSE),1) -> 1 | D15: =MID($C$6,VLOOKUP($B15,E_BIT,D$7+1,FALSE),1) -> 0 | E15: =MID($C$6,VLOOKUP($B15,E_BIT,E$7+1,FALSE),1) -> 0 | F15: =MID($C$6,VLOOKUP($B15,E_BIT,F$7+1,FALSE),1) -> 0 | G15: =MID($C$6,VLOOKUP($B15,E_BIT,G$7+1,FALSE),1) -> 1 | H15: =MID($C$6,VLOOKUP($B15,E_BIT,H$7+1,FALSE),1) -> 1 | I15: =CONCATENATE(C15,D15,E15,F15,G15,H15) -> 100011
A16: =A8 -> E(R3) | B16: =CONCATENATE(I8,I9,I10,I11,I12,I13,I14,I15) -> 110111110000000001010001010010101011110010100011
A18: BITS | B18: 1 | C18: 2 | D18: 3 | E18: 4 | F18: 5 | G18: 6 | H18: 7 | I18: 8 | J18: 9 | K18: 10 | L18: 11 | M18: 12 | N18: 13 | O18: 14 | P18: 15 | Q18: 16 | R18: 17 | S18: 18 | T18: 19 | U18: 20 | V18: 21 | W18: 22 | X18: 23 | Y18: 24 | Z18: 25 | AA18: 26 | AB18: 27 | AC18: 28 | AD18: 29 | AE18: 30 | AF18: 31 | AG18: 32 | AH18: 33 | AI18: 34 | AJ18: 35 | AK18: 36 | AL18: 37 | AM18: 38 | AN18: 39 | AO18: 40 | AP18: 41 | AQ18: 42 | AR18: 43 | AS18: 44 | AT18: 45 | AU18: 46 | AV18: 47 | AW18: 48
A19: =A5 -> K4 | B19: =MID($C$5,B18,1) -> 1 | C19: =MID($C$5,C18,1) -> 1 | D19: =MID($C$5,D18,1) -> 0 | E19: =MID($C$5,E18,1) -> 1 | F19: =MID($C$5,F18,1) -> 1 | G19: =MID($C$5,G18,1) -> 0 | H19: =MID($C$5,H18,1) -> 1 | I19: =MID($C$5,I18,1) -> 0 | ... AW19: =MID($C$5,AW18,1) -> 1
A20: =A16 -> E(R3) | B20: =MID($B$16,B18,1) -> 1 | C20: =MID($B$16,C18,1) -> 1 | D20: =MID($B$16,D18,1) -> 0 | E20: =MID($B$16,E18,1) -> 1 | F20: =MID($B$16,F18,1) -> 1 | G20: =MID($B$16,G18,1) -> 1 | H20: =MID($B$16,H18,1) -> 1 | I20: =MID($B$16,I18,1) -> 1 | ... AW20: =MID($B$16,AW18,1) -> 1
A21: =CONCATENATE(A19," + ",A20) -> K4 + E(R3) | B21: =IF(B19=B20,0,1) -> 0 | C21: =IF(C19=C20,0,1) -> 0 | D21: =IF(D19=D20,0,1) -> 0 | E21: =IF(E19=E20,0,1) -> 0 | F21: =IF(F19=F20,0,1) -> 0 | G21: =IF(G19=G20,0,1) -> 1 | H21: =IF(H19=H20,0,1) -> 0 | I21: =IF(I19=I20,0,1) -> 1 | ... AW21: =IF(AW19=AW20,0,1) -> 0
B22: 1 | C22: 2 | D22: 3 | E22: 4 | F22: 5 | G22: 6 | H22: 16 | I22: 2345 | J22: D16 | K22: D2345 | L22: P
A23: B1 | B23: =B21 -> 0 | C23: =C21 -> 0 | D23: =D21 -> 0 | E23: =E21 -> 0 | F23: =F21 -> 0 | G23: =G21 -> 1 | H23: =CONCATENATE(B23,G23) -> 01 | I23: =CONCATENATE(C23,D23,E23,F23) -> 0000 | J23: =BIN2DEC(H23) -> 1 | K23: =BIN2DEC(I23) -> 0 | L23: =VLOOKUP(J23,S1_BOX,K23+2,FALSE) -> 0 | M23: =DEC2BIN(L23,4) -> 0000
A24: B2 | B24: =H21 -> 0 | C24: =I21 -> 1 | D24: =J21 -> 0 | E24: =K21 -> 0 | F24: =L21 -> 1 | G24: =M21 -> 0 | H24: =CONCATENATE(B24,G24) -> 00 | I24: =CONCATENATE(C24,D24,E24,F24) -> 1001 | J24: =BIN2DEC(H24) -> 0 | K24: =BIN2DEC(I24) -> 9 | L24: =VLOOKUP(J24,S2_BOX,K24+2,FALSE) -> 7 | M24: =DEC2BIN(L24,4) -> 0111
A25: B3 | B25: =N21 -> 1 | C25: =O21 -> 1 | D25: =P21 -> 0 | E25: =Q21 -> 1 | F25: =R21 -> 0 | G25: =S21 -> 1 | H25: =CONCATENATE(B25,G25) -> 11 | I25: =CONCATENATE(C25,D25,E25,F25) -> 1010 | J25: =BIN2DEC(H25) -> 3 | K25: =BIN2DEC(I25) -> 10 | L25: =VLOOKUP(J25,S3_BOX,K25+2,FALSE) -> 14 | M25: =DEC2BIN(L25,4) -> 1110
A26: B4 | B26: =T21 -> 0 | C26: =U21 -> 1 | D26: =V21 -> 0 | E26: =W21 -> 0 | F26: =X21 -> 1 | G26: =Y21 -> 0 | H26: =CONCATENATE(B26,G26) -> 00 | I26: =CONCATENATE(C26,D26,E26,F26) -> 1001 | J26: =BIN2DEC(H26) -> 0 | K26: =BIN2DEC(I26) -> 9 | L26: =VLOOKUP(J26,S4_BOX,K26+2,FALSE) -> 2 | M26: =DEC2BIN(L26,4) -> 0010
A27: B5 | B27: =Z21 -> 0 | C27: =AA21 -> 1 | D27: =AB21 -> 1 | E27: =AC21 -> 0 | F27: =AD21 -> 0 | G27: =AE21 -> 0 | H27: =CONCATENATE(B27,G27) -> 00 | I27: =CONCATENATE(C27,D27,E27,F27) -> 1100 | J27: =BIN2DEC(H27) -> 0 | K27: =BIN2DEC(I27) -> 12 | L27: =VLOOKUP(J27,S5_BOX,K27+2,FALSE) -> 13 | M27: =DEC2BIN(L27,4) -> 1101
A28: B6 | B28: =AF21 -> 0 | C28: =AG21 -> 1 | D28: =AH21 -> 1 | E28: =AI21 -> 1 | F28: =AJ21 -> 0 | G28: =AK21 -> 1 | H28: =CONCATENATE(B28,G28) -> 01 | I28: =CONCATENATE(C28,D28,E28,F28) -> 1110 | J28: =BIN2DEC(H28) -> 1 | K28: =BIN2DEC(I28) -> 14 | L28: =VLOOKUP(J28,S6_BOX,K28+2,FALSE) -> 3 | M28: =DEC2BIN(L28,4) -> 0011
A29: B7 | B29: =AL21 -> 0 | C29: =AM21 -> 0 | D29: =AN21 -> 1 | E29: =AO21 -> 0 | F29: =AP21 -> 0 | G29: =AQ21 -> 1 | H29: =CONCATENATE(B29,G29) -> 01 | I29: =CONCATENATE(C29,D29,E29,F29) -> 0100 | J29: =BIN2DEC(H29) -> 1 | K29: =BIN2DEC(I29) -> 4 | L29: =VLOOKUP(J29,S7_BOX,K29+2,FALSE) -> 4 | M29: =DEC2BIN(L29,4) -> 0100
A30: B8 | B30: =AR21 -> 0 | C30: =AS21 -> 0 | D30: =AT21 -> 0 | E30: =AU21 -> 0 | F30: =AV21 -> 0 | G30: =AW21 -> 0 | H30: =CONCATENATE(B30,G30) -> 00 | I30: =CONCATENATE(C30,D30,E30,F30) -> 0000 | J30: =BIN2DEC(H30) -> 0 | K30: =BIN2DEC(I30) -> 0 | L30: =VLOOKUP(J30,S8_BOX,K30+2,FALSE) -> 13 | M30: =DEC2BIN(L30,4) -> 1101
A31: S1B1..SnBn | B31: =CONCATENATE(M23,M24,M25,M26,M27,M28,M29,M30) -> 00000111111000101101001101001101
A33: PSnBn | C33: 1 | D33: 2 | E33: 3 | F33: 4
B34: 1 | C34: =MID($B$31,VLOOKUP($B34,P,C$33+1,FALSE),1) -> 0 | D34: =MID($B$31,VLOOKUP($B34,P,D$33+1,FALSE),1) -> 1 | E34: =MID($B$31,VLOOKUP($B34,P,E$33+1,FALSE),1) -> 1 | F34: =MID($B$31,VLOOKUP($B34,P,F$33+1,FALSE),1) -> 0 | G34: =CONCATENATE(C34,D34,E34,F34) -> 0110
B35: 2 | C35: =MID($B$31,VLOOKUP($B35,P,C$33+1,FALSE),1) -> 1 | D35: =MID($B$31,VLOOKUP($B35,P,D$33+1,FALSE),1) -> 0 | E35: =MID($B$31,VLOOKUP($B35,P,E$33+1,FALSE),1) -> 0 | F35: =MID($B$31,VLOOKUP($B35,P,F$33+1,FALSE),1) -> 1 | G35: =CONCATENATE(C35,D35,E35,F35) -> 1001
B36: 3 | C36: =MID($B$31,VLOOKUP($B36,P,C$33+1,FALSE),1) -> 0 | D36: =MID($B$31,VLOOKUP($B36,P,D$33+1,FALSE),1) -> 1 | E36: =MID($B$31,VLOOKUP($B36,P,E$33+1,FALSE),1) -> 1 | F36: =MID($B$31,VLOOKUP($B36,P,F$33+1,FALSE),1) -> 1 | G36: =CONCATENATE(C36,D36,E36,F36) -> 0111
B37: 4 | C37: =MID($B$31,VLOOKUP($B37,P,C$33+1,FALSE),1) -> 0 | D37: =MID($B$31,VLOOKUP($B37,P,D$33+1,FALSE),1) -> 1 | E37: =MID($B$31,VLOOKUP($B37,P,E$33+1,FALSE),1) -> 0 | F37: =MID($B$31,VLOOKUP($B37,P,F$33+1,FALSE),1) -> 1 | G37: =CONCATENATE(C37,D37,E37,F37) -> 0101
B38: 5 | C38: =MID($B$31,VLOOKUP($B38,P,C$33+1,FALSE),1) -> 0 | D38: =MID($B$31,VLOOKUP($B38,P,D$33+1,FALSE),1) -> 1 | E38: =MID($B$31,VLOOKUP($B38,P,E$33+1,FALSE),1) -> 1 | F38: =MID($B$31,VLOOKUP($B38,P,F$33+1,FALSE),1) -> 0 | G38: =CONCATENATE(C38,D38,E38,F38) -> 0110
B39: 6 | C39: =MID($B$31,VLOOKUP($B39,P,C$33+1,FALSE),1) -> 1 | D39: =MID($B$31,VLOOKUP($B39,P,D$33+1,FALSE),1) -> 0 | E39: =MID($B$31,VLOOKUP($B39,P,E$33+1,FALSE),1) -> 0 | F39: =MID($B$31,VLOOKUP($B39,P,F$33+1,FALSE),1) -> 1 | G39: =CONCATENATE(C39,D39,E39,F39) -> 1001
B40: 7 | C40: =MID($B$31,VLOOKUP($B40,P,C$33+1,FALSE),1) -> 0 | D40: =MID($B$31,VLOOKUP($B40,P,D$33+1,FALSE),1) -> 0 | E40: =MID($B$31,VLOOKUP($B40,P,E$33+1,FALSE),1) -> 1 | F40: =MID($B$31,VLOOKUP($B40,P,F$33+1,FALSE),1) -> 1 | G40: =CONCATENATE(C40,D40,E40,F40) -> 0011
B41: 8 | C41: =MID($B$31,VLOOKUP($B41,P,C$33+1,FALSE),1) -> 0 | D41: =MID($B$31,VLOOKUP($B41,P,D$33+1,FALSE),1) -> 1 | E41: =MID($B$31,VLOOKUP($B41,P,E$33+1,FALSE),1) -> 0 | F41: =MID($B$31,VLOOKUP($B41,P,F$33+1,FALSE),1) -> 0 | G41: =CONCATENATE(C41,D41,E41,F41) -> 0100
B42: 1 | C42: 2 | D42: 3 | E42: 4 | F42: 5 | G42: 6 | H42: 7 | I42: 8 | J42: 9 | K42: 10 | L42: 11 | M42: 12 | N42: 13 | O42: 14 | P42: 15 | Q42: 16 | R42: 17 | S42: 18 | T42: 19 | U42: 20 | V42: 21 | W42: 22 | X42: 23 | Y42: 24 | Z42: 25 | AA42: 26 | AB42: 27 | AC42: 28 | AD42: 29 | AE42: 30 | AF42: 31 | AG42: 32
A43: f | B43: =CONCATENATE(G34,G35,G36,G37,G38,G39,G40,G41) -> 01101001011101010110100100110100
B44: =MID($B$43,B42,1) -> 0 | C44: =MID($B$43,C42,1) -> 1 | D44: =MID($B$43,D42,1) -> 1 | E44: =MID($B$43,E42,1) -> 0 | F44: =MID($B$43,F42,1) -> 1 | G44: =MID($B$43,G42,1) -> 0 | H44: =MID($B$43,H42,1) -> 0 | I44: =MID($B$43,I42,1) -> 1 | ... AG44: =MID($B$43,AG42,1) -> 0
A45: =CONCATENATE("L",C4-1) -> L3 | B45: ='R3'!C6 -> 01001010000100100001000011110110
B46: =MID($B$45,B42,1) -> 0 | C46: =MID($B$45,C42,1) -> 1 | D46: =MID($B$45,D42,1) -> 0 | E46: =MID($B$45,E42,1) -> 0 | F46: =MID($B$45,F42,1) -> 1 | G46: =MID($B$45,G42,1) -> 0 | H46: =MID($B$45,H42,1) -> 1 | I46: =MID($B$45,I42,1) -> 0 | ... AG46: =MID($B$45,AG42,1) -> 0
A47: =CONCATENATE("R",C4) -> R4 | B47: =IF(B44=B46,0,1) -> 0 | C47: =IF(C44=C46,0,1) -> 0 | D47: =IF(D44=D46,0,1) -> 1 | E47: =IF(E44=E46,0,1) -> 0 | F47: =IF(F44=F46,0,1) -> 0 | G47: =IF(G44=G46,0,1) -> 0 | H47: =IF(H44=H46,0,1) -> 1 | I47: =IF(I44=I46,0,1) -> 1 | ... AG47: =IF(AG44=AG46,0,1) -> 0
B48: =CONCATENATE(B47,C47,D47,E47) -> 0010 | F48: =CONCATENATE(F47,G47,H47,I47) -> 0011 | J48: =CONCATENATE(J47,K47,L47,M47) -> 0110 | N48: =CONCATENATE(N47,O47,P47,Q47) -> 0111 | R48: =CONCATENATE(R47,S47,T47,U47) -> 0111 | V48: =CONCATENATE(V47,W47,X47,Y47) -> 1001 | Z48: =CONCATENATE(Z47,AA47,AB47,AC47) -> 1100 | AD48: =CONCATENATE(AD47,AE47,AF47,AG47) -> 0010
A49: =A47 -> R4 | B49: =CONCATENATE(B48,F48,J48,N48,R48,V48,Z48,AD48) -> 00100011011001110111100111000010
A50: =CONCATENATE(A49," hex") -> R4 hex | B50: =CONCATENATE(BIN2HEX(B48),BIN2HEX(F48),BIN2HEX(J48),BIN2HEX(N48),BIN2HEX(R48),BIN2HEX(V48),BIN2HEX(Z48),BIN2HEX(AD48)) -> 236779C2

Sheet R5
A1: Ln | B1: = | C1: Rn-1
A2: Rn | B2: = | C2: Ln-1 + f(Rn-1,Kn)
A4: n | B4: = | C4: 5
A5: =CONCATENATE("K",C4) -> K5 | C5: =Kn!O6 -> 011010011010011000101001111111101100100100010011
A6: =CONCATENATE("L",C4," =") -> L5 = | B6: =CONCATENATE("R",(C4-1)) -> R4 | C6: ='R4'!B49 -> 00100011011001110111100111000010
C7: 1 | D7: 2 | E7: 3 | F7: 4 | G7: 5 | H7: 6
A8: =CONCATENATE("E", "(",B6,")") -> E(R4) | B8: 1 | C8: =MID($C$6,VLOOKUP($B8,E_BIT,C$7+1,FALSE),1) -> 0 | D8: =MID($C$6,VLOOKUP($B8,E_BIT,D$7+1,FALSE),1) -> 0 | E8: =MID($C$6,VLOOKUP($B8,E_BIT,E$7+1,FALSE),1) -> 0 | F8: =MID($C$6,VLOOKUP($B8,E_BIT,F$7+1,FALSE),1) -> 1 | G8: =MID($C$6,VLOOKUP($B8,E_BIT,G$7+1,FALSE),1) -> 0 | H8: =MID($C$6,VLOOKUP($B8,E_BIT,H$7+1,FALSE),1) -> 0 | I8: =CONCATENATE(C8,D8,E8,F8,G8,H8) -> 000100
B9: 2 | C9: =MID($C$6,VLOOKUP($B9,E_BIT,C$7+1,FALSE),1) -> 0 | D9: =MID($C$6,VLOOKUP($B9,E_BIT,D$7+1,FALSE),1) -> 0 | E9: =MID($C$6,VLOOKUP($B9,E_BIT,E$7+1,FALSE),1) -> 0 | F9: =MID($C$6,VLOOKUP($B9,E_BIT,F$7+1,FALSE),1) -> 1 | G9: =MID($C$6,VLOOKUP($B9,E_BIT,G$7+1,FALSE),1) -> 1 | H9: =MID($C$6,VLOOKUP($B9,E_BIT,H$7+1,FALSE),1) -> 0 | I9: =CONCATENATE(C9,D9,E9,F9,G9,H9) -> 000110
B10: 3 | C10: =MID($C$6,VLOOKUP($B10,E_BIT,C$7+1,FALSE),1) -> 1 | D10: =MID($C$6,VLOOKUP($B10,E_BIT,D$7+1,FALSE),1) -> 0 | E10: =MID($C$6,VLOOKUP($B10,E_BIT,E$7+1,FALSE),1) -> 1 | F10: =MID($C$6,VLOOKUP($B10,E_BIT,F$7+1,FALSE),1) -> 1 | G10: =MID($C$6,VLOOKUP($B10,E_BIT,G$7+1,FALSE),1) -> 0 | H10: =MID($C$6,VLOOKUP($B10,E_BIT,H$7+1,FALSE),1) -> 0 | I10: =CONCATENATE(C10,D10,E10,F10,G10,H10) -> 101100
B11: 4 | C11: =MID($C$6,VLOOKUP($B11,E_BIT,C$7+1,FALSE),1) -> 0 | D11: =MID($C$6,VLOOKUP($B11,E_BIT,D$7+1,FALSE),1) -> 0 | E11: =MID($C$6,VLOOKUP($B11,E_BIT,E$7+1,FALSE),1) -> 1 | F11: =MID($C$6,VLOOKUP($B11,E_BIT,F$7+1,FALSE),1) -> 1 | G11: =MID($C$6,VLOOKUP($B11,E_BIT,G$7+1,FALSE),1) -> 1 | H11: =MID($C$6,VLOOKUP($B11,E_BIT,H$7+1,FALSE),1) -> 0 | I11: =CONCATENATE(C11,D11,E11,F11,G11,H11) -> 001110
B12: 5 | C12: =MID($C$6,VLOOKUP($B12,E_BIT,C$7+1,FALSE),1) -> 1 | D12: =MID($C$6,VLOOKUP($B12,E_BIT,D$7+1,FALSE),1) -> 0 | E12: =MID($C$6,VLOOKUP($B12,E_BIT,E$7+1,FALSE),1) -> 1 | F12: =MID($C$6,VLOOKUP($B12,E_BIT,F$7+1,FALSE),1) -> 1 | G12: =MID($C$6,VLOOKUP($B12,E_BIT,G$7+1,FALSE),1) -> 1 | H12: =MID($C$6,VLOOKUP($B12,E_BIT,H$7+1,FALSE),1) -> 1 | I12: =CONCATENATE(C12,D12,E12,F12,G12,H12) -> 101111
B13: 6 | C13: =MID($C$6,VLOOKUP($B13,E_BIT,C$7+1,FALSE),1) -> 1 | D13: =MID($C$6,VLOOKUP($B13,E_BIT,D$7+1,FALSE),1) -> 1 | E13: =MID($C$6,VLOOKUP($B13,E_BIT,E$7+1,FALSE),1) -> 0 | F13: =MID($C$6,VLOOKUP($B13,E_BIT,F$7+1,FALSE),1) -> 0 | G13: =MID($C$6,VLOOKUP($B13,E_BIT,G$7+1,FALSE),1) -> 1 | H13: =MID($C$6,VLOOKUP($B13,E_BIT,H$7+1,FALSE),1) -> 1 | I13: =CONCATENATE(C13,D13,E13,F13,G13,H13) -> 110011
B14: 7 | C14: =MID($C$6,VLOOKUP($B14,E_BIT,C$7+1,FALSE),1) -> 1 | D14: =MID($C$6,VLOOKUP($B14,E_BIT,D$7+1,FALSE),1) -> 1 | E14: =MID($C$6,VLOOKUP($B14,E_BIT,E$7+1,FALSE),1) -> 1 | F14: =MID($C$6,VLOOKUP($B14,E_BIT,F$7+1,FALSE),1) -> 0 | G14: =MID($C$6,VLOOKUP($B14,E_BIT,G$7+1,FALSE),1) -> 0 | H14: =MID($C$6,VLOOKUP($B14,E_BIT,H$7+1,FALSE),1) -> 0 | I14: =CONCATENATE(C14,D14,E14,F14,G14,H14) -> 111000
B15: 8 | C15: =MID($C$6,VLOOKUP($B15,E_BIT,C$7+1,FALSE),1) -> 0 | D15: =MID($C$6,VLOOKUP($B15,E_BIT,D$7+1,FALSE),1) -> 0 | E15: =MID($C$6,VLOOKUP($B15,E_BIT,E$7+1,FALSE),1) -> 0 | F15: =MID($C$6,VLOOKUP($B15,E_BIT,F$7+1,FALSE),1) -> 1 | G15: =MID($C$6,VLOOKUP($B15,E_BIT,G$7+1,FALSE),1) -> 0 | H15: =MID($C$6,VLOOKUP($B15,E_BIT,H$7+1,FALSE),1) -> 0 | I15: =CONCATENATE(C15,D15,E15,F15,G15,H15) -> 000100
A16: =A8 -> E(R4) | B16: =CONCATENATE(I8,I9,I10,I11,I12,I13,I14,I15) -> 000100000110101100001110101111110011111000000100
A18: BITS | B18: 1 | C18: 2 | D18: 3 | E18: 4 | F18: 5 | G18: 6 | H18: 7 | I18: 8 | J18: 9 | K18: 10 | L18: 11 | M18: 12 | N18: 13 | O18: 14 | P18: 15 | Q18: 16 | R18: 17 | S18: 18 | T18: 19 | U18: 20 | V18: 21 | W18: 22 | X18: 23 | Y18: 24 | Z18: 25 | AA18: 26 | AB18: 27 | AC18: 28 | AD18: 29 | AE18: 30 | AF18: 31 | AG18: 32 | AH18: 33 | AI18: 34 | AJ18: 35 | AK18: 36 | AL18: 37 | AM18: 38 | AN18: 39 | AO18: 40 | AP18: 41 | AQ18: 42 | AR18: 43 | AS18: 44 | AT18: 45 | AU18: 46 | AV18: 47 | AW18: 48
A19: =A5 -> K5 | B19: =MID($C$5,B18,1) -> 0 | C19: =MID($C$5,C18,1) -> 1 | D19: =MID($C$5,D18,1) -> 1 | E19: =MID($C$5,E18,1) -> 0 | F19: =MID($C$5,F18,1) -> 1 | G19: =MID($C$5,G18,1) -> 0 | H19: =MID($C$5,H18,1) -> 0 | I19: =MID($C$5,I18,1) -> 1 | ... AW19: =MID($C$5,AW18,1) -> 1
A20: =A16 -> E(R4) | B20: =MID($B$16,B18,1) -> 0 | C20: =MID($B$16,C18,1) -> 0 | D20: =MID($B$16,D18,1) -> 0 | E20: =MID($B$16,E18,1) -> 1 | F20: =MID($B$16,F18,1) -> 0 | G20: =MID($B$16,G18,1) -> 0 | H20: =MID($B$16,H18,1) -> 0 | I20: =MID($B$16,I18,1) -> 0 | ... AW20: =MID($B$16,AW18,1) -> 0
A21: =CONCATENATE(A19," + ",A20) -> K5 + E(R4) | B21: =IF(B19=B20,0,1) -> 0 | C21: =IF(C19=C20,0,1) -> 1 | D21: =IF(D19=D20,0,1) -> 1 | E21: =IF(E19=E20,0,1) -> 1 | F21: =IF(F19=F20,0,1) -> 1 | G21: =IF(G19=G20,0,1) -> 0 | H21: =IF(H19=H20,0,1) -> 0 | I21: =IF(I19=I20,0,1) -> 1 | ... AW21: =IF(AW19=AW20,0,1) -> 1
B22: 1 | C22: 2 | D22: 3 | E22: 4 | F22: 5 | G22: 6 | H22: 16 | I22: 2345 | J22: D16 | K22: D2345 | L22: P
A23: B1 | B23: =B21 -> 0 | C23: =C21 -> 1 | D23: =D21 -> 1 | E23: =E21 -> 1 | F23: =F21 -> 1 | G23: =G21 -> 0 | H23: =CONCATENATE(B23,G23) -> 00 | I23: =CONCATENATE(C23,D23,E23,F23) -> 1111 | J23: =BIN2DEC(H23) -> 0 | K23: =BIN2DEC(I23) -> 15 | L23: =VLOOKUP(J23,S1_BOX,K23+2,FALSE) -> 7 | M23: =DEC2BIN(L23,4) -> 0111
A24: B2 | B24: =H21 -> 0 | C24: =I21 -> 1 | D24: =J21 -> 1 | E24: =K21 -> 1 | F24: =L21 -> 0 | G24: =M21 -> 0 | H24: =CONCATENATE(B24,G24) -> 00 | I24: =CONCATENATE(C24,D24,E24,F24) -> 1110 | J24: =BIN2DEC(H24) -> 0 | K24: =BIN2DEC(I24) -> 14 | L24: =VLOOKUP(J24,S2_BOX,K24+2,FALSE) -> 5 | M24: =DEC2BIN(L24,4) -> 0101
A25: B3 | B25: =N21 -> 1 | C25: =O21 -> 1 | D25: =P21 -> 0 | E25: =Q21 -> 1 | F25: =R21 -> 0 | G25: =S21 -> 0 | H25: =CONCATENATE(B25,G25) -> 10 | I25: =CONCATENATE(C25,D25,E25,F25) -> 1010 | J25: =BIN2DEC(H25) -> 2 | K25: =BIN2DEC(I25) -> 10 | L25: =VLOOKUP(J25,S3_BOX,K25+2,FALSE) -> 2 | M25: =DEC2BIN(L25,4) -> 0010
A26: B4 | B26: =T21 -> 1 | C26: =U21 -> 0 | D26: =V21 -> 0 | E26: =W21 -> 1 | F26: =X21 -> 1 | G26: =Y21 -> 1 | H26: =CONCATENATE(B26,G26) -> 11 | I26: =CONCATENATE(C26,D26,E26,F26) -> 0011 | J26: =BIN2DEC(H26) -> 3 | K26: =BIN2DEC(I26) -> 3 | L26: =VLOOKUP(J26,S4_BOX,K26+2,FALSE) -> 6 | M26: =DEC2BIN(L26,4) -> 0110
A27: B5 | B27: =Z21 -> 0 | C27: =AA21 -> 1 | D27: =AB21 -> 0 | E27: =AC21 -> 0 | F27: =AD21 -> 0 | G27: =AE21 -> 0 | H27: =CONCATENATE(B27,G27) -> 00 | I27: =CONCATENATE(C27,D27,E27,F27) -> 1000 | J27: =BIN2DEC(H27) -> 0 | K27: =BIN2DEC(I27) -> 8 | L27: =VLOOKUP(J27,S5_BOX,K27+2,FALSE) -> 8 | M27: =DEC2BIN(L27,4) -> 1000
A28: B6 | B28: =AF21 -> 0 | C28: =AG21 -> 1 | D28: =AH21 -> 1 | E28: =AI21 -> 1 | F28: =AJ21 -> 1 | G28: =AK21 -> 1 | H28: =CONCATENATE(B28,G28) -> 01 | I28: =CONCATENATE(C28,D28,E28,F28) -> 1111 | J28: =BIN2DEC(H28) -> 1 | K28: =BIN2DEC(I28) -> 15 | L28: =VLOOKUP(J28,S6_BOX,K28+2,FALSE) -> 8 | M28: =DEC2BIN(L28,4) -> 1000
A29: B7 | B29: =AL21 -> 0 | C29: =AM21 -> 1 | D29: =AN21 -> 1 | E29: =AO21 -> 1 | F29: =AP21 -> 0 | G29: =AQ21 -> 0 | H29: =CONCATENATE(B29,G29) -> 00 | I29: =CONCATENATE(C29,D29,E29,F29) -> 1110 | J29: =BIN2DEC(H29) -> 0 | K29: =BIN2DEC(I29) -> 14 | L29: =VLOOKUP(J29,S7_BOX,K29+2,FALSE) -> 6 | M29: =DEC2BIN(L29,4) -> 0110
A30: B8 | B30: =AR21 -> 0 | C30: =AS21 -> 1 | D30: =AT21 -> 0 | E30: =AU21 -> 1 | F30: =AV21 -> 1 | G30: =AW21 -> 1 | H30: =CONCATENATE(B30,G30) -> 01 | I30: =CONCATENATE(C30,D30,E30,F30) -> 1011 | J30: =BIN2DEC(H30) -> 1 | K30: =BIN2DEC(I30) -> 11 | L30: =VLOOKUP(J30,S8_BOX,K30+2,FALSE) -> 11 | M30: =DEC2BIN(L30,4) -> 1011
A31: S1B1..SnBn | B31: =CONCATENATE(M23,M24,M25,M26,M27,M28,M29,M30) -> 01110101001001101000100001101011
A33: PSnBn | C33: 1 | D33: 2 | E33: 3 | F33: 4
B34: 1 | C34: =MID($B$31,VLOOKUP($B34,P,C$33+1,FALSE),1) -> 0 | D34: =MID($B$31,VLOOKUP($B34,P,D$33+1,FALSE),1) -> 0 | E34: =MID($B$31,VLOOKUP($B34,P,E$33+1,FALSE),1) -> 0 | F34: =MID($B$31,VLOOKUP($B34,P,F$33+1,FALSE),1) -> 1 | G34: =CONCATENATE(C34,D34,E34,F34) -> 0001
B35: 2 | C35: =MID($B$31,VLOOKUP($B35,P,C$33+1,FALSE),1) -> 1 | D35: =MID($B$31,VLOOKUP($B35,P,D$33+1,FALSE),1) -> 0 | E35: =MID($B$31,VLOOKUP($B35,P,E$33+1,FALSE),1) -> 0 | F35: =MID($B$31,VLOOKUP($B35,P,F$33+1,FALSE),1) -> 1 | G35: =CONCATENATE(C35,D35,E35,F35) -> 1001
B36: 3 | C36: =MID($B$31,VLOOKUP($B36,P,C$33+1,FALSE),1) -> 0 | D36: =MID($B$31,VLOOKUP($B36,P,D$33+1,FALSE),1) -> 1 | E36: =MID($B$31,VLOOKUP($B36,P,E$33+1,FALSE),1) -> 0 | F36: =MID($B$31,VLOOKUP($B36,P,F$33+1,FALSE),1) -> 1 | G36: =CONCATENATE(C36,D36,E36,F36) -> 0101
B37: 4 | C37: =MID($B$31,VLOOKUP($B37,P,C$33+1,FALSE),1) -> 0 | D37: =MID($B$31,VLOOKUP($B37,P,D$33+1,FALSE),1) -> 0 | E37: =MID($B$31,VLOOKUP($B37,P,E$33+1,FALSE),1) -> 1 | F37: =MID($B$31,VLOOKUP($B37,P,F$33+1,FALSE),1) -> 0 | G37: =CONCATENATE(C37,D37,E37,F37) -> 0010
B38: 5 | C38: =MID($B$31,VLOOKUP($B38,P,C$33+1,FALSE),1) -> 1 | D38: =MID($B$31,VLOOKUP($B38,P,D$33+1,FALSE),1) -> 1 | E38: =MID($B$31,VLOOKUP($B38,P,E$33+1,FALSE),1) -> 0 | F38: =MID($B$31,VLOOKUP($B38,P,F$33+1,FALSE),1) -> 1 | G38: =CONCATENATE(C38,D38,E38,F38) -> 1101
B39: 6 | C39: =MID($B$31,VLOOKUP($B39,P,C$33+1,FALSE),1) -> 1 | D39: =MID($B$31,VLOOKUP($B39,P,D$33+1,FALSE),1) -> 1 | E39: =MID($B$31,VLOOKUP($B39,P,E$33+1,FALSE),1) -> 1 | F39: =MID($B$31,VLOOKUP($B39,P,F$33+1,FALSE),1) -> 0 | G39: =CONCATENATE(C39,D39,E39,F39) -> 1110
B40: 7 | C40: =MID($B$31,VLOOKUP($B40,P,C$33+1,FALSE),1) -> 0 | D40: =MID($B$31,VLOOKUP($B40,P,D$33+1,FALSE),1) -> 0 | E40: =MID($B$31,VLOOKUP($B40,P,E$33+1,FALSE),1) -> 0 | F40: =MID($B$31,VLOOKUP($B40,P,F$33+1,FALSE),1) -> 1 | G40: =CONCATENATE(C40,D40,E40,F40) -> 0001
B41: 8 | C41: =MID($B$31,VLOOKUP($B41,P,C$33+1,FALSE),1) -> 0 | D41: =MID($B$31,VLOOKUP($B41,P,D$33+1,FALSE),1) -> 1 | E41: =MID($B$31,VLOOKUP($B41,P,E$33+1,FALSE),1) -> 1 | F41: =MID($B$31,VLOOKUP($B41,P,F$33+1,FALSE),1) -> 0 | G41: =CONCATENATE(C41,D41,E41,F41) -> 0110
B42: 1 | C42: 2 | D42: 3 | E42: 4 | F42: 5 | G42: 6 | H42: 7 | I42: 8 | J42: 9 | K42: 10 | L42: 11 | M42: 12 | N42: 13 | O42: 14 | P42: 15 | Q42: 16 | R42: 17 | S42: 18 | T42: 19 | U42: 20 | V42: 21 | W42: 22 | X42: 23 | Y42: 24 | Z42: 25 | AA42: 26 | AB42: 27 | AC42: 28 | AD42: 29 | AE42: 30 | AF42: 31 | AG42: 32
A43: f | B43: =CONCATENATE(G34,G35,G36,G37,G38,G39,G40,G41) -> 00011001010100101101111000010110
B44: =MID($B$43,B42,1) -> 0 | C44: =MID($B$43,C42,1) -> 0 | D44: =MID($B$43,D42,1) -> 0 | E44: =MID($B$43,E42,1) -> 1 | F44: =MID($B$43,F42,1) -> 1 | G44: =MID($B$43,G42,1) -> 0 | H44: =MID($B$43,H42,1) -> 0 | I44: =MID($B$43,I42,1) -> 1 | ... AG44: =MID($B$43,AG42,1) -> 0
A45: =CONCATENATE("L",C4-1) -> L4 | B45: ='R4'!C6 -> 10111000000010001001010110010001
B46: =MID($B$45,B42,1) -> 1 | C46: =MID($B$45,C42,1) -> 0 | D46: =MID($B$45,D42,1) -> 1 | E46: =MID($B$45,E42,1) -> 1 | F46: =MID($B$45,F42,1) -> 1 | G46: =MID($B$45,G42,1) -> 0 | H46: =MID($B$45,H42,1) -> 0 | I46: =MID($B$45,I42,1) -> 0 | ... AG46: =MID($B$45,AG42,1) -> 1
A47: =CONCATENATE("R",C4) -> R5 | B47: =IF(B44=B46,0,1) -> 1 | C47: =IF(C44=C46,0,1) -> 0 | D47: =IF(D44=D46,0,1) -> 1 | E47: =IF(E44=E46,0,1) -> 0 | F47: =IF(F44=F46,0,1) -> 0 | G47: =IF(G44=G46,0,1) -> 0 | H47: =IF(H44=H46,0,1) -> 0 | I47: =IF(I44=I46,0,1) -> 1 | ... AG47: =IF(AG44=AG46,0,1) -> 1
B48: =CONCATENATE(B47,C47,D47,E47) -> 1010 | F48: =CONCATENATE(F47,G47,H47,I47) -> 0001 | J48: =CONCATENATE(J47,K47,L47,M47) -> 0101 | N48: =CONCATENATE(N47,O47,P47,Q47) -> 1010 | R48: =CONCATENATE(R47,S47,T47,U47) -> 0100 | V48: =CONCATENATE(V47,W47,X47,Y47) -> 1011 | Z48: =CONCATENATE(Z47,AA47,AB47,AC47) -> 1000 | AD48: =CONCATENATE(AD47,AE47,AF47,AG47) -> 0111
A49: =A47 -> R5 | B49: =CONCATENATE(B48,F48,J48,N48,R48,V48,Z48,AD48) -> 10100001010110100100101110000111
A50: =CONCATENATE(A49," hex") -> R5 hex | B50: =CONCATENATE(BIN2HEX(B48),BIN2HEX(F48),BIN2HEX(J48),BIN2HEX(N48),BIN2HEX(R48),BIN2HEX(V48),BIN2HEX(Z48),BIN2HEX(AD48)) -> A15A4B87

Sheet R6
A1: Ln | B1: = | C1: Rn-1
A2: Rn | B2: = | C2: Ln-1 + f(Rn-1,Kn)
A4: n | B4: = | C4: 6
A5: =CONCATENATE("K",C4) -> K6 | C5: =Kn!O7 -> 110000011001010010001110100001110100011101011110
A6: =CONCATENATE("L",C4," =") -> L6 = | B6: =CONCATENATE("R",(C4-1)) -> R5 | C6: ='R5'!B49 -> 10100001010110100100101110000111
C7: 1 | D7: 2 | E7: 3 | F7: 4 | G7: 5 | H7: 6
A8: =CONCATENATE("E", "(",B6,")") -> E(R5) | B8: 1 | C8: =MID($C$6,VLOOKUP($B8,E_BIT,C$7+1,FALSE),1) -> 1 | D8: =MID($C$6,VLOOKUP($B8,E_BIT,D$7+1,FALSE),1) -> 1 | E8: =MID($C$6,VLOOKUP($B8,E_BIT,E$7+1,FALSE),1) -> 0 | F8: =MID($C$6,VLOOKUP($B8,E_BIT,F$7+1,FALSE),1) -> 1 | G8: =MID($C$6,VLOOKUP($B8,E_BIT,G$7+1,FALSE),1) -> 0 | H8: =MID($C$6,VLOOKUP($B8,E_BIT,H$7+1,FALSE),1) -> 0 | I8: =CONCATENATE(C8,D8,E8,F8,G8,H8) -> 110100
B9: 2 | C9: =MID($C$6,VLOOKUP($B9,E_BIT,C$7+1,FALSE),1) -> 0 | D9: =MID($C$6,VLOOKUP($B9,E_BIT,D$7+1,FALSE),1) -> 0 | E9: =MID($C$6,VLOOKUP($B9,E_BIT,E$7+1,FALSE),1) -> 0 | F9: =MID($C$6,VLOOKUP($B9,E_BIT,F$7+1,FALSE),1) -> 0 | G9: =MID($C$6,VLOOKUP($B9,E_BIT,G$7+1,FALSE),1) -> 1 | H9: =MID($C$6,VLOOKUP($B9,E_BIT,H$7+1,FALSE),1) -> 0 | I9: =CONCATENATE(C9,D9,E9,F9,G9,H9) -> 000010
B10: 3 | C10: =MID($C$6,VLOOKUP($B10,E_BIT,C$7+1,FALSE),1) -> 1 | D10: =MID($C$6,VLOOKUP($B10,E_BIT,D$7+1,FALSE),1) -> 0 | E10: =MID($C$6,VLOOKUP($B10,E_BIT,E$7+1,FALSE),1) -> 1 | F10: =MID($C$6,VLOOKUP($B10,E_BIT,F$7+1,FALSE),1) -> 0 | G10: =MID($C$6,VLOOKUP($B10,E_BIT,G$7+1,FALSE),1) -> 1 | H10: =MID($C$6,VLOOKUP($B10,E_BIT,H$7+1,FALSE),1) -> 1 | I10: =CONCATENATE(C10,D10,E10,F10,G10,H10) -> 101011
B11: 4 | C11: =MID($C$6,VLOOKUP($B11,E_BIT,C$7+1,FALSE),1) -> 1 | D11: =MID($C$6,VLOOKUP($B11,E_BIT,D$7+1,FALSE),1) -> 1 | E11: =MID($C$6,VLOOKUP($B11,E_BIT,E$7+1,FALSE),1) -> 0 | F11: =MID($C$6,VLOOKUP($B11,E_BIT,F$7+1,FALSE),1) -> 1 | G11: =MID($C$6,VLOOKUP($B11,E_BIT,G$7+1,FALSE),1) -> 0 | H11: =MID($C$6,VLOOKUP($B11,E_BIT,H$7+1,FALSE),1) -> 0 | I11: =CONCATENATE(C11,D11,E11,F11,G11,H11) -> 110100
B12: 5 | C12: =MID($C$6,VLOOKUP($B12,E_BIT,C$7+1,FALSE),1) -> 0 | D12: =MID($C$6,VLOOKUP($B12,E_BIT,D$7+1,FALSE),1) -> 0 | E12: =MID($C$6,VLOOKUP($B12,E_BIT,E$7+1,FALSE),1) -> 1 | F12: =MID($C$6,VLOOKUP($B12,E_BIT,F$7+1,FALSE),1) -> 0 | G12: =MID($C$6,VLOOKUP($B12,E_BIT,G$7+1,FALSE),1) -> 0 | H12: =MID($C$6,VLOOKUP($B12,E_BIT,H$7+1,FALSE),1) -> 1 | I12: =CONCATENATE(C12,D12,E12,F12,G12,H12) -> 001001
B13: 6 | C13: =MID($C$6,VLOOKUP($B13,E_BIT,C$7+1,FALSE),1) -> 0 | D13: =MID($C$6,VLOOKUP($B13,E_BIT,D$7+1,FALSE),1) -> 1 | E13: =MID($C$6,VLOOKUP($B13,E_BIT,E$7+1,FALSE),1) -> 0 | F13: =MID($C$6,VLOOKUP($B13,E_BIT,F$7+1,FALSE),1) -> 1 | G13: =MID($C$6,VLOOKUP($B13,E_BIT,G$7+1,FALSE),1) -> 1 | H13: =MID($C$6,VLOOKUP($B13,E_BIT,H$7+1,FALSE),1) -> 1 | I13: =CONCATENATE(C13,D13,E13,F13,G13,H13) -> 010111
B14: 7 | C14: =MID($C$6,VLOOKUP($B14,E_BIT,C$7+1,FALSE),1) -> 1 | D14: =MID($C$6,VLOOKUP($B14,E_BIT,D$7+1,FALSE),1) -> 1 | E14: =MID($C$6,VLOOKUP($B14,E_BIT,E$7+1,FALSE),1) -> 0 | F14: =MID($C$6,VLOOKUP($B14,E_BIT,F$7+1,FALSE),1) -> 0 | G14: =MID($C$6,VLOOKUP($B14,E_BIT,G$7+1,FALSE),1) -> 0 | H14: =MID($C$6,VLOOKUP($B14,E_BIT,H$7+1,FALSE),1) -> 0 | I14: =CONCATENATE(C14,D14,E14,F14,G14,H14) -> 110000
B15: 8 | C15: =MID($C$6,VLOOKUP($B15,E_BIT,C$7+1,FALSE),1) -> 0 | D15: =MID($C$6,VLOOKUP($B15,E_BIT,D$7+1,FALSE),1) -> 0 | E15: =MID($C$6,VLOOKUP($B15,E_BIT,E$7+1,FALSE),1) -> 1 | F15: =MID($C$6,VLOOKUP($B15,E_BIT,F$7+1,FALSE),1) -> 1 | G15: =MID($C$6,VLOOKUP($B15,E_BIT,G$7+1,FALSE),1) -> 1 | H15: =MID($C$6,VLOOKUP($B15,E_BIT,H$7+1,FALSE),1) -> 1 | I15: =CONCATENATE(C15,D15,E15,F15,G15,H15) -> 001111
A16: =A8 -> E(R5) | B16: =CONCATENATE(I8,I9,I10,I11,I12,I13,I14,I15) -> 110100000010101011110100001001010111110000001111
A18: BITS | B18: 1 | C18: 2 | D18: 3 | E18: 4 | F18: 5 | G18: 6 | H18: 7 | I18: 8 | J18: 9 | K18: 10 | L18: 11 | M18: 12 | N18: 13 | O18: 14 | P18: 15 | Q18: 16 | R18: 17 | S18: 18 | T18: 19 | U18: 20 | V18: 21 | W18: 22 | X18: 23 | Y18: 24 | Z18: 25 | AA18: 26 | AB18: 27 | AC18: 28 | AD18: 29 | AE18: 30 | AF18: 31 | AG18: 32 | AH18: 33 | AI18: 34 | AJ18: 35 | AK18: 36 | AL18: 37 | AM18: 38 | AN18: 39 | AO18: 40 | AP18: 41 | AQ18: 42 | AR18: 43 | AS18: 44 | AT18: 45 | AU18: 46 | AV18: 47 | AW18: 48
A19: =A5 -> K6 | B19: =MID($C$5,B18,1) -> 1 | C19: =MID($C$5,C18,1) -> 1 | D19: =MID($C$5,D18,1) -> 0 | E19: =MID($C$5,E18,1) -> 0 | F19: =MID($C$5,F18,1) -> 0 | G19: =MID($C$5,G18,1) -> 0 | H19: =MID($C$5,H18,1) -> 0 | I19: =MID($C$5,I18,1) -> 1 | ... AW19: =MID($C$5,AW18,1) -> 0
A20: =A16 -> E(R5) | B20: =MID($B$16,B18,1) -> 1 | C20: =MID($B$16,C18,1) -> 1 | D20: =MID($B$16,D18,1) -> 0 | E20: =MID($B$16,E18,1) -> 1 | F20: =MID($B$16,F18,1) -> 0 | G20: =MID($B$16,G18,1) -> 0 | H20: =MID($B$16,H18,1) -> 0 | I20: =MID($B$16,I18,1) -> 0 | ... AW20: =MID($B$16,AW18,1) -> 1
A21: =CONCATENATE(A19," + ",A20) -> K6 + E(R5) | B21: =IF(B19=B20,0,1) -> 0 | C21: =IF(C19=C20,0,1) -> 0 | D21: =IF(D19=D20,0,1) -> 0 | E21: =IF(E19=E20,0,1) -> 1 | F21: =IF(F19=F20,0,1) -> 0 | G21: =IF(G19=G20,0,1) -> 0 | H21: =IF(H19=H20,0,1) -> 0 | I21: =IF(I19=I20,0,1) -> 1 | ... AW21: =IF(AW19=AW20,0,1) -> 1
B22: 1 | C22: 2 | D22: 3 | E22: 4 | F22: 5 | G22: 6 | H22: 16 | I22: 2345 | J22: D16 | K22: D2345 | L22: P
A23: B1 | B23: =B21 -> 0 | C23: =C21 -> 0 | D23: =D21 -> 0 | E23: =E21 -> 1 | F23: =F21 -> 0 | G23: =G21 -> 0 | H23: =CONCATENATE(B23,G23) -> 00 | I23: =CONCATENATE(C23,D23,E23,F23) -> 0010 | J23: =BIN2DEC(H23) -> 0 | K23: =BIN2DEC(I23) -> 2 | L23: =VLOOKUP(J23,S1_BOX,K23+2,FALSE) -> 13 | M23: =DEC2BIN(L23,4) -> 1101
A24: B2 | B24: =H21 -> 0 | C24: =I21 -> 1 | D24: =J21 -> 1 | E24: =K21 -> 0 | F24: =L21 -> 1 | G24: =M21 -> 1 | H24: =CONCATENATE(B24,G24) -> 01 | I24: =CONCATENATE(C24,D24,E24,F24) -> 1101 | J24: =BIN2DEC(H24) -> 1 | K24: =BIN2DEC(I24) -> 13 | L24: =VLOOKUP(J24,S2_BOX,K24+2,FALSE) -> 9 | M24: =DEC2BIN(L24,4) -> 1001
A25: B3 | B25: =N21 -> 1 | C25: =O21 -> 1 | D25: =P21 -> 1 | E25: =Q21 -> 0 | F25: =R21 -> 0 | G25: =S21 -> 1 | H25: =CONCATENATE(B25,G25) -> 11 | I25: =CONCATENATE(C25,D25,E25,F25) -> 1100 | J25: =BIN2DEC(H25) -> 3 | K25: =BIN2DEC(I25) -> 12 | L25: =VLOOKUP(J25,S3_BOX,K25+2,FALSE) -> 11 | M25: =DEC2BIN(L25,4) -> 1011
A26: B4 | B26: =T21 -> 1 | C26: =U21 -> 1 | D26: =V21 -> 1 | E26: =W21 -> 0 | F26: =X21 -> 1 | G26: =Y21 -> 0 | H26: =CONCATENATE(B26,G26) -> 10 | I26: =CONCATENATE(C26,D26,E26,F26) -> 1101 | J26: =BIN2DEC(H26) -> 2 | K26: =BIN2DEC(I26) -> 13 | L26: =VLOOKUP(J26,S4_BOX,K26+2,FALSE) -> 2 | M26: =DEC2BIN(L26,4) -> 0010
A27: B5 | B27: =Z21 -> 1 | C27: =AA21 -> 0 | D27: =AB21 -> 1 | E27: =AC21 -> 0 | F27: =AD21 -> 0 | G27: =AE21 -> 0 | H27: =CONCATENATE(B27,G27) -> 10 | I27: =CONCATENATE(C27,D27,E27,F27) -> 0100 | J27: =BIN2DEC(H27) -> 2 | K27: =BIN2DEC(I27) -> 4 | L27: =VLOOKUP(J27,S5_BOX,K27+2,FALSE) -> 10 | M27: =DEC2BIN(L27,4) -> 1010
A28: B6 | B28: =AF21 -> 1 | C28: =AG21 -> 0 | D28: =AH21 -> 0 | E28: =AI21 -> 0 | F28: =AJ21 -> 1 | G28: =AK21 -> 1 | H28: =CONCATENATE(B28,G28) -> 11 | I28: =CONCATENATE(C28,D28,E28,F28) -> 0001 | J28: =BIN2DEC(H28) -> 3 | K28: =BIN2DEC(I28) -> 1 | L28: =VLOOKUP(J28,S6_BOX,K28+2,FALSE) -> 3 | M28: =DEC2BIN(L28,4) -> 0011
A29: B7 | B29: =AL21 -> 1 | C29: =AM21 -> 0 | D29: =AN21 -> 1 | E29: =AO21 -> 1 | F29: =AP21 -> 0 | G29: =AQ21 -> 1 | H29: =CONCATENATE(B29,G29) -> 11 | I29: =CONCATENATE(C29,D29,E29,F29) -> 0110 | J29: =BIN2DEC(H29) -> 3 | K29: =BIN2DEC(I29) -> 6 | L29: =VLOOKUP(J29,S7_BOX,K29+2,FALSE) -> 10 | M29: =DEC2BIN(L29,4) -> 1010
A30: B8 | B30: =AR21 -> 0 | C30: =AS21 -> 1 | D30: =AT21 -> 0 | E30: =AU21 -> 0 | F30: =AV21 -> 0 | G30: =AW21 -> 1 | H30: =CONCATENATE(B30,G30) -> 01 | I30: =CONCATENATE(C30,D30,E30,F30) -> 1000 | J30: =BIN2DEC(H30) -> 1 | K30: =BIN2DEC(I30) -> 8 | L30: =VLOOKUP(J30,S8_BOX,K30+2,FALSE) -> 12 | M30: =DEC2BIN(L30,4) -> 1100
A31: S1B1..SnBn | B31: =CONCATENATE(M23,M24,M25,M26,M27,M28,M29,M30) -> 11011001101100101010001110101100
A33: PSnBn | C33: 1 | D33: 2 | E33: 3 | F33: 4
B34: 1 | C34: =MID($B$31,VLOOKUP($B34,P,C$33+1,FALSE),1) -> 0 | D34: =MID($B$31,VLOOKUP($B34,P,D$33+1,FALSE),1) -> 0 | E34: =MID($B$31,VLOOKUP($B34,P,E$33+1,FALSE),1) -> 0 | F34: =MID($B$31,VLOOKUP($B34,P,F$33+1,FALSE),1) -> 0 | G34: =CONCATENATE(C34,D34,E34,F34) -> 0000
B35: 2 | C35: =MID($B$31,VLOOKUP($B35,P,C$33+1,FALSE),1) -> 1 | D35: =MID($B$31,VLOOKUP($B35,P,D$33+1,FALSE),1) -> 1 | E35: =MID($B$31,VLOOKUP($B35,P,E$33+1,FALSE),1) -> 0 | F35: =MID($B$31,VLOOKUP($B35,P,F$33+1,FALSE),1) -> 1 | G35: =CONCATENATE(C35,D35,E35,F35) -> 1101
B36: 3 | C36: =MID($B$31,VLOOKUP($B36,P,C$33+1,FALSE),1) -> 1 | D36: =MID($B$31,VLOOKUP($B36,P,D$33+1,FALSE),1) -> 1 | E36: =MID($B$31,VLOOKUP($B36,P,E$33+1,FALSE),1) -> 1 | F36: =MID($B$31,VLOOKUP($B36,P,F$33+1,FALSE),1) -> 0 | G36: =CONCATENATE(C36,D36,E36,F36) -> 1110
B37: 4 | C37: =MID($B$31,VLOOKUP($B37,P,C$33+1,FALSE),1) -> 1 | D37: =MID($B$31,VLOOKUP($B37,P,D$33+1,FALSE),1) -> 0 | E37: =MID($B$31,VLOOKUP($B37,P,E$33+1,FALSE),1) -> 0 | F37: =MID($B$31,VLOOKUP($B37,P,F$33+1,FALSE),1) -> 0 | G37: =CONCATENATE(C37,D37,E37,F37) -> 1000
B38: 5 | C38: =MID($B$31,VLOOKUP($B38,P,C$33+1,FALSE),1) -> 1 | D38: =MID($B$31,VLOOKUP($B38,P,D$33+1,FALSE),1) -> 1 | E38: =MID($B$31,VLOOKUP($B38,P,E$33+1,FALSE),1) -> 1 | F38: =MID($B$31,VLOOKUP($B38,P,F$33+1,FALSE),1) -> 0 | G38: =CONCATENATE(C38,D38,E38,F38) -> 1110
B39: 6 | C39: =MID($B$31,VLOOKUP($B39,P,C$33+1,FALSE),1) -> 0 | D39: =MID($B$31,VLOOKUP($B39,P,D$33+1,FALSE),1) -> 1 | E39: =MID($B$31,VLOOKUP($B39,P,E$33+1,FALSE),1) -> 0 | F39: =MID($B$31,VLOOKUP($B39,P,F$33+1,FALSE),1) -> 1 | G39: =CONCATENATE(C39,D39,E39,F39) -> 0101
B40: 7 | C40: =MID($B$31,VLOOKUP($B40,P,C$33+1,FALSE),1) -> 1 | D40: =MID($B$31,VLOOKUP($B40,P,D$33+1,FALSE),1) -> 0 | E40: =MID($B$31,VLOOKUP($B40,P,E$33+1,FALSE),1) -> 1 | F40: =MID($B$31,VLOOKUP($B40,P,F$33+1,FALSE),1) -> 0 | G40: =CONCATENATE(C40,D40,E40,F40) -> 1010
B41: 8 | C41: =MID($B$31,VLOOKUP($B41,P,C$33+1,FALSE),1) -> 0 | D41: =MID($B$31,VLOOKUP($B41,P,D$33+1,FALSE),1) -> 1 | E41: =MID($B$31,VLOOKUP($B41,P,E$33+1,FALSE),1) -> 1 | F41: =MID($B$31,VLOOKUP($B41,P,F$33+1,FALSE),1) -> 1 | G41: =CONCATENATE(C41,D41,E41,F41) -> 0111
B42: 1 | C42: 2 | D42: 3 | E42: 4 | F42: 5 | G42: 6 | H42: 7 | I42: 8 | J42: 9 | K42: 10 | L42: 11 | M42: 12 | N42: 13 | O42: 14 | P42: 15 | Q42: 16 | R42: 17 | S42: 18 | T42: 19 | U42: 20 | V42: 21 | W42: 22 | X42: 23 | Y42: 24 | Z42: 25 | AA42: 26 | AB42: 27 | AC42: 28 | AD42: 29 | AE42: 30 | AF42: 31 | AG42: 32
A43: f | B43: =CONCATENATE(G34,G35,G36,G37,G38,G39,G40,G41) -> 00001101111010001110010110100111
B44: =MID($B$43,B42,1) -> 0 | C44: =MID($B$43,C42,1) -> 0 | D44: =MID($B$43,D42,1) -> 0 | E44: =MID($B$43,E42,1) -> 0 | F44: =MID($B$43,F42,1) -> 1 | G44: =MID($B$43,G42,1) -> 1 | H44: =MID($B$43,H42,1) -> 0 | I44: =MID($B$43,I42,1) -> 1 | ... AG44: =MID($B$43,AG42,1) -> 1
A45: =CONCATENATE("L",C4-1) -> L5 | B45: ='R5'!C6 -> 00100011011001110111100111000010
B46: =MID($B$45,B42,1) -> 0 | C46: =MID($B$45,C42,1) -> 0 | D46: =MID($B$45,D42,1) -> 1 | E46: =MID($B$45,E42,1) -> 0 | F46: =MID($B$45,F42,1) -> 0 | G46: =MID($B$45,G42,1) -> 0 | H46: =MID($B$45,H42,1) -> 1 | I46: =MID($B$45,I42,1) -> 1 | ... AG46: =MID($B$45,AG42,1) -> 0
A47: =CONCATENATE("R",C4) -> R6 | B47: =IF(B44=B46,0,1) -> 0 | C47: =IF(C44=C46,0,1) -> 0 | D47: =IF(D44=D46,0,1) -> 1 | E47: =IF(E44=E46,0,1) -> 0 | F47: =IF(F44=F46,0,1) -> 1 | G47: =IF(G44=G46,0,1) -> 1 | H47: =IF(H44=H46,0,1) -> 1 | I47: =IF(I44=I46,0,1) -> 0 | ... AG47: =IF(AG44=AG46,0,1) -> 1
B48: =CONCATENATE(B47,C47,D47,E47) -> 0010 | F48: =CONCATENATE(F47,G47,H47,I47) -> 1110 | J48: =CONCATENATE(J47,K47,L47,M47) -> 1000 | N48: =CONCATENATE(N47,O47,P47,Q47) -> 1111 | R48: =CONCATENATE(R47,S47,T47,U47) -> 1001 | V48: =CONCATENATE(V47,W47,X47,Y47) -> 1100 | Z48: =CONCATENATE(Z47,AA47,AB47,AC47) -> 0110 | AD48: =CONCATENATE(AD47,AE47,AF47,AG47) -> 0101
A49: =A47 -> R6 | B49: =CONCATENATE(B48,F48,J48,N48,R48,V48,Z48,AD48) -> 00101110100011111001110001100101
